specie,sex,wing_1,wing_2,tibia_1,tibia_2,wing,tibia
Dmel,female,1.442,1.442,0.4361,0.4176,1.442,0.42685
Dmel,female,1.568,1.574,0.4818,0.4955,1.571,0.48865
Dmel,female,1.586,1.583,0.4976,0.5015,1.5845,0.49955
Dmel,female,1.503,1.502,0.4543,0.4576,1.5025,0.45595
Dmel,female,1.411,1.42,0.4335,0.4338,1.4155,0.43365
Dmel,female,1.554,1.564,0.4698,0.4869,1.559,0.47835
Dmel,female,1.6,1.61,0.4993,0.4928,1.605,0.49605
Dmel,female,1.523,1.532,0.4761,0.4627,1.5275,0.4694
Dmel,female,1.442,1.423,0.4392,0.4271,1.4325,0.43315
Dmel,female,1.46,1.473,0.4636,0.4612,1.4665,0.4624
Dmel,female,1.54,1.553,0.489,0.4627,1.5465,0.47585
Dmel,female,1.539,1.515,0.4792,0.4815,1.527,0.48035
Dmel,female,1.5523,1.546,0.4894,0.4773,1.54915,0.48335
Dmel,female,1.575,1.572,0.4839,0.4914,1.5735,0.48765
Dmel,female,1.6,1.582,0.5036,0.4959,1.591,0.49975
Dmel,female,1.522,1.516,0.463,0.4729,1.519,0.46795
Dmel,female,1.563,1.562,0.4843,0.4887,1.5625,0.4865
Dmel,female,1.577,1.6,0.485,0.4897,1.5885,0.48735
Dmel,female,1.547,1.548,0.4584,0.4792,1.5475,0.4688
Dmel,female,1.431,1.443,0.4351,0.4475,1.437,0.4413
Dmel,female,1.228,1.238,0.39,0.396,1.233,0.393
Dmel,female,1.147,1.157,0.364,0.367,1.152,0.3655
Dmel,female,1.454,1.443,0.465,0.456,1.4485,0.4605
Dmel,female,1.351,1.341,0.431,0.434,1.346,0.4325
Dmel,female,1.486,1.501,0.484,0.491,1.4935,0.4875
Dmel,female,1.414,1.506,0.468,0.448,1.46,0.458
Dmel,female,1.467,1.463,0.475,0.485,1.465,0.48
Dmel,female,1.384,1.375,0.438,0.446,1.3795,0.442
Dmel,female,1.277,1.311,0.425,0.41,1.294,0.4175
Dmel,female,1.475,1.469,0.499,0.46,1.472,0.4795
Dmel,female,1.428,1.417,0.475,0.447,1.4225,0.461
Dmel,female,1.331,1.318,0.426,0.432,1.3245,0.429
Dmel,female,1.451,1.445,0.471,0.445,1.448,0.458
Dmel,female,1.471,1.455,0.469,0.457,1.463,0.463
Dmel,female,1.349,1.342,0.432,0.448,1.3455,0.44
Dmel,female,1.41,1.422,0.462,0.456,1.416,0.459
Dmel,female,1.195,1.226,0.392,0.397,1.2105,0.3945
Dmel,female,1.514,1.492,0.468,0.48,1.503,0.474
Dmel,female,1.491,1.489,0.473,0.46,1.49,0.4665
Dmel,female,1.449,1.386,0.476,0.467,1.4175,0.4715
Dmel,female,1.268,1.278,0.401,0.41,1.273,0.4055
Dmel,female,1.459,1.468,0.468,0.443,1.4635,0.4555
Dmel,female,1.491,1.468,0.486,0.491,1.4795,0.4885
Dmel,female,1.46,1.472,0.471,0.477,1.466,0.474
Dmel,female,1.499,1.506,0.481,0.481,1.5025,0.481
Dmel,female,1.37,1.389,0.461,0.45,1.3795,0.4555
Dmel,female,1.223,1.251,0.387,0.394,1.237,0.3905
Dmel,female,1.283,1.296,0.417,0.436,1.2895,0.4265
Dmel,female,1.413,1.428,0.454,0.488,1.4205,0.471
Dmel,female,1.351,1.474,0.462,0.491,1.4125,0.4765
Dmel,female,1.434,1.44,0.456,0.458,1.437,0.457
Dmel,female,1.464,1.457,0.471,0.462,1.4605,0.4665
Dmel,female,1.446,1.451,0.45,0.459,1.4485,0.4545
Dmel,female,1.453,1.434,0.47,0.477,1.4435,0.4735
Dmel,female,1.445,1.466,0.458,0.459,1.4555,0.4585
Dmel,female,1.35,1.352,0.456,0.434,1.351,0.445
Dmel,female,1.227,1.218,0.435,0.417,1.2225,0.426
Dmel,female,1.265,1.262,0.433,0.372,1.2635,0.4025
Dmel,female,1.458,1.447,0.445,0.464,1.4525,0.4545
Dmel,female,1.411,1.39,0.468,0.46,1.4005,0.464
Dmel,female,1.496,1.459,0.469,0.471,1.4775,0.47
Dmel,female,1.502,1.456,0.488,0.478,1.479,0.483
Dmel,female,1.476,1.458,0.473,0.472,1.467,0.4725
Dmel,female,1.344,1.356,0.427,0.443,1.35,0.435
Dmel,female,1.454,1.463,0.48,0.468,1.4585,0.474
Dmel,female,1.228,1.238,0.39,0.381,1.233,0.3855
Dmel,female,1.461,1.468,0.479,0.467,1.4645,0.473
Dmel,female,1.212,1.2,0.388,0.388,1.206,0.388
Dmel,female,1.245,1.221,0.408,0.41,1.233,0.409
Dmel,female,1.373,1.388,0.444,0.452,1.3805,0.448
Dmel,female,1.282,1.293,0.431,0.408,1.2875,0.4195
Dmel,female,1.433,1.449,0.457,0.483,1.441,0.47
Dmel,female,1.27,1.295,0.425,0.415,1.2825,0.42
Dmel,female,1.438,1.463,0.474,0.434,1.4505,0.454
Dmel,female,1.42,1.447,0.46,0.451,1.4335,0.4555
Dmel,female,1.311,1.31,0.447,0.439,1.3105,0.443
Dmel,female,1.454,1.443,0.432,0.471,1.4485,0.4515
Dmel,female,1.484,1.486,0.487,0.484,1.485,0.4855
Dmel,female,1.218,1.213,0.359,0.381,1.2155,0.37
Dmel,female,1.457,1.455,0.461,0.472,1.456,0.4665
Dmel,female,1.385,1.373,0.442,0.442,1.379,0.442
Dmel,female,1.481,1.479,0.466,0.425,1.48,0.4455
Dmel,female,1.451,1.446,0.453,0.47,1.4485,0.4615
Dmel,female,1.353,1.341,0.416,0.412,1.347,0.414
Dmel,female,1.478,1.471,0.462,0.486,1.4745,0.474
Dmel,female,1.339,1.346,0.442,0.437,1.3425,0.4395
Dmel,female,1.412,1.409,0.439,0.455,1.4105,0.447
Dmel,female,1.433,1.421,0.453,0.457,1.427,0.455
Dmel,female,1.423,1.433,0.452,0.466,1.428,0.459
Dmel,female,1.42,1.417,0.472,0.454,1.4185,0.463
Dmel,female,1.437,1.421,0.448,0.447,1.429,0.4475
Dmel,female,1.429,1.418,0.472,0.45,1.4235,0.461
Dmel,female,1.478,1.495,0.484,0.469,1.4865,0.4765
Dmel,female,1.449,1.431,0.476,0.458,1.44,0.467
Dmel,female,1.472,1.444,0.475,0.445,1.458,0.46
Dmel,female,1.422,1.425,0.465,0.473,1.4235,0.469
Dmel,female,1.433,1.416,0.482,0.47,1.4245,0.476
Dmel,female,1.361,1.378,0.459,0.424,1.3695,0.4415
Dmel,female,1.424,1.436,0.464,0.455,1.43,0.4595
Dmel,female,1.422,1.402,0.443,0.437,1.412,0.44
Dmel,female,1.421,1.418,0.435,0.461,1.4195,0.448
Dmel,female,1.428,1.404,0.453,0.442,1.416,0.4475
Dmel,female,1.163,1.182,0.376,0.346,1.1725,0.361
Dmel,female,1.399,1.403,0.457,0.419,1.401,0.438
Dmel,female,1.36,1.364,0.436,0.45,1.362,0.443
Dmel,female,1.467,1.489,0.482,0.472,1.478,0.477
Dmel,female,1.445,1.428,0.476,0.475,1.4365,0.4755
Dmel,female,1.442,1.448,0.466,0.452,1.445,0.459
Dmel,female,1.477,1.485,0.486,0.481,1.481,0.4835
Dmel,female,1.431,1.419,0.462,0.452,1.425,0.457
Dmel,female,1.425,1.407,0.432,0.447,1.416,0.4395
Dmel,female,1.485,1.486,0.491,0.44,1.4855,0.4655
Dmel,female,1.461,1.478,0.475,0.47,1.4695,0.4725
Dmel,female,1.453,1.453,0.483,0.464,1.453,0.4735
Dmel,female,1.456,1.467,0.475,0.45,1.4615,0.4625
Dmel,female,1.486,1.493,0.463,0.466,1.4895,0.4645
Dmel,female,1.468,1.446,0.451,0.455,1.457,0.453
Dmel,female,1.462,1.449,0.468,0.456,1.4555,0.462
Dmel,female,1.493,1.49,0.495,0.473,1.4915,0.484
Dmel,female,1.437,1.411,0.47,0.476,1.424,0.473
Dmel,female,1.447,1.452,0.477,0.465,1.4495,0.471
Dmel,female,1.355,1.353,0.45,0.451,1.354,0.4505
Dmel,female,1.454,1.437,0.473,0.475,1.4455,0.474
Dmel,female,1.407,1.401,0.473,0.459,1.404,0.466
Dmel,female,1.482,1.493,0.492,0.46,1.4875,0.476
Dmel,female,1.401,1.454,0.481,0.465,1.4275,0.473
Dmel,female,1.393,1.371,0.433,0.449,1.382,0.441
Dmel,female,1.428,1.421,0.471,0.451,1.4245,0.461
Dmel,female,1.455,1.438,0.452,0.465,1.4465,0.4585
Dmel,female,1.522,1.525,0.498,0.487,1.5235,0.4925
Dmel,female,1.332,1.345,0.441,0.444,1.3385,0.4425
Dmel,female,1.434,1.443,0.459,0.477,1.4385,0.468
Dmel,female,1.365,1.37,0.465,0.476,1.3675,0.4705
Dmel,female,1.414,1.41,0.471,0.47,1.412,0.4705
Dmel,female,1.366,1.363,0.431,0.462,1.3645,0.4465
Dmel,female,1.335,1.288,0.436,0.429,1.3115,0.4325
Dmel,female,1.384,1.392,0.446,0.453,1.388,0.4495
Dmel,female,1.398,1.383,0.463,0.455,1.3905,0.459
Dmel,female,1.278,1.286,0.405,0.397,1.282,0.401
Dmel,female,1.38,1.39,0.471,0.449,1.385,0.46
Dmel,female,1.456,1.434,0.447,0.413,1.445,0.43
Dmel,female,1.294,1.298,0.429,0.414,1.296,0.4215
Dmel,female,1.43,1.445,0.483,0.476,1.4375,0.4795
Dmel,female,1.368,1.365,0.45,0.444,1.3665,0.447
Dmel,female,1.437,1.437,0.466,0.47,1.437,0.468
Dmel,female,1.509,1.481,0.485,0.487,1.495,0.486
Dmel,female,1.429,1.436,0.474,0.478,1.4325,0.476
Dmel,female,1.459,1.453,0.481,0.487,1.456,0.484
Dmel,female,1.343,1.353,0.445,0.456,1.348,0.4505
Dmel,female,1.439,1.432,0.465,0.465,1.4355,0.465
Dmel,female,1.486,1.493,0.476,0.471,1.4895,0.4735
Dmel,female,1.443,1.454,0.463,0.458,1.4485,0.4605
Dmel,female,1.416,1.413,0.478,0.476,1.4145,0.477
Dmel,female,1.337,1.367,0.44,0.442,1.352,0.441
Dmel,female,1.419,1.434,0.459,0.458,1.4265,0.4585
Dmel,female,1.408,1.393,0.446,0.457,1.4005,0.4515
Dmel,female,1.334,1.337,0.423,0.388,1.3355,0.4055
Dmel,female,1.502,1.502,0.487,0.479,1.502,0.483
Dmel,female,1.448,1.459,0.491,0.467,1.4535,0.479
Dmel,female,1.365,1.366,0.437,0.433,1.3655,0.435
Dmel,female,1.46,1.445,0.462,0.465,1.4525,0.4635
Dmel,female,1.406,1.402,0.449,0.467,1.404,0.458
Dmel,female,1.442,1.437,0.471,0.476,1.4395,0.4735
Dmel,female,1.463,1.472,0.468,0.479,1.4675,0.4735
Dmel,female,1.308,1.32,0.415,0.408,1.314,0.4115
Dmel,female,1.237,1.224,0.387,0.407,1.2305,0.397
Dmel,female,1.32,1.339,0.424,0.41,1.3295,0.417
Dmel,female,1.458,1.448,0.448,0.457,1.453,0.4525
Dmel,female,1.428,1.434,0.442,0.454,1.431,0.448
Dmel,female,1.415,1.4,0.427,0.426,1.4075,0.4265
Dmel,female,1.291,1.292,0.422,0.393,1.2915,0.4075
Dmel,female,1.035,1.024,0.318,0.32,1.0295,0.319
Dmel,female,1.469,1.467,0.483,0.469,1.468,0.476
Dmel,female,1.438,1.441,0.459,0.453,1.4395,0.456
Dmel,female,1.425,1.45,0.46,0.445,1.4375,0.4525
Dmel,female,1.391,1.38,0.447,0.428,1.3855,0.4375
Dmel,female,1.402,1.401,0.446,0.446,1.4015,0.446
Dmel,female,1.347,1.348,0.426,0.431,1.3475,0.4285
Dmel,female,1.418,1.415,0.469,0.436,1.4165,0.4525
Dmel,female,1.396,1.4,0.455,0.433,1.398,0.444
Dmel,female,1.42,1.428,0.457,0.43,1.424,0.4435
Dmel,female,1.368,1.381,0.423,0.429,1.3745,0.426
Dmel,female,1.449,1.43,0.467,0.475,1.4395,0.471
Dmel,female,1.388,1.407,0.46,0.456,1.3975,0.458
Dmel,female,1.418,1.422,0.433,0.445,1.42,0.439
Dmel,female,1.352,1.325,0.444,0.432,1.3385,0.438
Dmel,female,1.385,1.392,0.442,0.456,1.3885,0.449
Dmel,female,1.337,1.33,0.437,0.439,1.3335,0.438
Dmel,female,1.44,1.445,0.443,0.443,1.4425,0.443
Dmel,female,1.428,1.421,0.464,0.433,1.4245,0.4485
Dmel,female,1.397,1.4,0.46,0.453,1.3985,0.4565
Dmel,female,1.427,1.397,0.454,0.46,1.412,0.457
Dmel,female,1.412,1.405,0.449,0.441,1.4085,0.445
Dmel,female,1.39,1.395,0.448,0.467,1.3925,0.4575
Dmel,female,1.487,1.502,0.427,0.488,1.4945,0.4575
Dmel,female,1.374,1.374,0.454,0.433,1.374,0.4435
Dmel,female,1.461,1.462,0.466,0.481,1.4615,0.4735
Dmel,female,1.311,1.308,0.415,0.428,1.3095,0.4215
Dmel,female,1.451,1.453,0.452,0.458,1.452,0.455
Dmel,female,1.455,1.47,0.45,0.476,1.4625,0.463
Dmel,female,1.418,1.433,0.415,0.476,1.4255,0.4455
Dmel,female,1.433,1.418,0.465,0.446,1.4255,0.4555
Dmel,female,1.346,1.335,0.436,0.423,1.3405,0.4295
Dmel,female,1.361,1.353,0.435,0.451,1.357,0.443
Dmel,female,1.397,1.404,0.449,0.414,1.4005,0.4315
Dmel,female,1.455,1.448,0.484,0.46,1.4515,0.472
Dmel,female,1.381,1.362,0.459,0.445,1.3715,0.452
Dmel,female,1.438,1.451,0.454,0.476,1.4445,0.465
Dmel,female,1.471,1.47,0.473,0.452,1.4705,0.4625
Dmel,female,1.453,1.462,0.479,0.47,1.4575,0.4745
Dmel,female,1.377,1.335,0.435,0.459,1.356,0.447
Dmel,female,1.478,1.459,0.451,0.449,1.4685,0.45
Dmel,female,1.394,1.387,0.445,0.467,1.3905,0.456
Dmel,female,1.379,1.4,0.458,0.449,1.3895,0.4535
Dmel,female,1.416,1.418,0.432,0.448,1.417,0.44
Dmel,female,1.478,1.46,0.461,0.466,1.469,0.4635
Dmel,female,1.385,1.395,0.431,0.462,1.39,0.4465
Dmel,female,1.401,1.427,0.464,0.452,1.414,0.458
Dmel,female,1.119,1.099,0.366,0.355,1.109,0.3605
Dmel,female,1.426,1.41,0.439,0.434,1.418,0.4365
Dmel,female,1.38,1.397,0.448,0.446,1.3885,0.447
Dmel,female,1.18,1.16,0.396,0.385,1.17,0.3905
Dmel,female,1.463,1.464,0.446,0.459,1.4635,0.4525
Dmel,female,1.422,1.415,0.448,0.434,1.4185,0.441
Dsim,female,1.192,1.192,0.3909,0.3861,1.192,0.3885
Dsim,female,1.246,1.243,0.3979,0.3948,1.2445,0.39635
Dsim,female,1.183,1.207,0.4005,0.3777,1.195,0.3891
Dsim,female,1.227,1.243,0.3945,0.3695,1.235,0.382
Dsim,female,1.259,1.276,0.3955,0.4121,1.2675,0.4038
Dsim,female,1.263,1.296,0.4125,0.3945,1.2795,0.4035
Dsim,female,1.224,1.208,0.3701,0.4087,1.216,0.3894
Dsim,female,1.217,1.215,0.402,0.4096,1.216,0.4058
Dsim,female,1.196,1.204,0.3643,0.3731,1.2,0.3687
Dsim,female,1.16,1.169,0.4016,0.3967,1.1645,0.39915
Dsim,female,1.197,1.191,0.4025,0.3775,1.194,0.39
Dsim,female,1.1461,1.11,0.4151,0.401,1.12805,0.40805
Dsim,female,1.274,1.268,0.4193,0.4129,1.271,0.4161
Dsim,female,1.294,1.295,0.4191,0.4268,1.2945,0.42295
Dsim,female,1.25,1.253,0.4207,0.4209,1.2515,0.4208
Dsim,female,1.235,1.261,0.4301,0.4243,1.248,0.4272
Dsim,female,1.2674,1.263,0.4089,0.4178,1.2652,0.41335
Dsim,female,1.253,1.263,0.448,0.4263,1.258,0.43715
Dsim,female,1.274,1.307,0.4314,0.4376,1.2905,0.4345
Dsim,female,1.232,1.253,0.4347,0.4426,1.2425,0.43865
Dsim,female,1.177,1.193,0.41,0.4,1.185,0.405
Dsim,female,1.197,1.199,0.408,0.409,1.198,0.4085
Dsim,female,1.179,1.206,0.411,0.415,1.1925,0.413
Dsim,female,1.03,1.035,0.397,0.379,1.0325,0.388
Dsim,female,1.157,1.16,0.415,0.419,1.1585,0.417
Dsim,female,1.117,1.118,0.416,0.426,1.1175,0.421
Dsim,female,1.158,1.148,0.399,0.39,1.153,0.3945
Dsim,female,1.094,1.067,0.379,0.393,1.0805,0.386
Dsim,female,1.1,1.083,0.415,0.404,1.0915,0.4095
Dsim,female,1.066,1.042,0.363,0.34,1.054,0.3515
Dsim,female,1.191,1.179,0.398,0.391,1.185,0.3945
Dsim,female,1.058,0.955,0.398,0.399,1.0065,0.3985
Dsim,female,0.973,0.992,0.384,0.384,0.9825,0.384
Dsim,female,1.194,1.179,0.413,0.427,1.1865,0.42
Dsim,female,1.163,1.155,0.404,0.393,1.159,0.3985
Dsim,female,1.143,1.19,0.383,0.401,1.1665,0.392
Dsim,female,1.048,1.038,0.362,0.371,1.043,0.3665
Dsim,female,1.173,1.179,0.393,0.41,1.176,0.4015
Dsim,female,1.123,1.128,0.402,0.392,1.1255,0.397
Dsim,female,1.181,1.192,0.405,0.404,1.1865,0.4045
Dsim,female,1.031,1.045,0.344,0.334,1.038,0.339
Dsim,female,1.114,1.126,0.397,0.393,1.12,0.395
Dsim,female,1.097,1.083,0.407,0.392,1.09,0.3995
Dsim,female,1.185,1.2,0.394,0.403,1.1925,0.3985
Dsim,female,1.13,1.158,0.39,0.403,1.144,0.3965
Dsim,female,1.104,1.077,0.385,0.393,1.0905,0.389
Dsim,female,1.197,1.194,0.399,0.406,1.1955,0.4025
Dsim,female,1.182,1.176,0.395,0.4,1.179,0.3975
Dsim,female,1.178,1.17,0.393,0.362,1.174,0.3775
Dsim,female,1.174,1.169,0.405,0.408,1.1715,0.4065
Dsim,female,1.096,1.107,0.368,0.363,1.1015,0.3655
Dsim,female,1.14,1.126,0.382,0.406,1.133,0.394
Dsim,female,1.113,1.087,0.388,0.394,1.1,0.391
Dsim,female,1.026,1.004,0.373,0.363,1.015,0.368
Dsim,female,1.193,1.182,0.414,0.41,1.1875,0.412
Dsim,female,1.172,1.192,0.393,0.413,1.182,0.403
Dsim,female,1.131,1.139,0.421,0.419,1.135,0.42
Dsim,female,1.197,1.191,0.417,0.409,1.194,0.413
Dsim,female,1.089,1.105,0.357,0.39,1.097,0.3735
Dsim,female,1.196,1.207,0.403,0.411,1.2015,0.407
Dsim,female,1.073,1.082,0.368,0.367,1.0775,0.3675
Dsim,female,1.158,1.161,0.407,0.404,1.1595,0.4055
Dsim,female,1.107,1.047,0.414,0.414,1.077,0.414
Dsim,female,1.177,1.178,0.396,0.404,1.1775,0.4
Dsim,female,1.099,1.1,0.404,0.404,1.0995,0.404
Dsim,female,1.179,1.179,0.385,0.405,1.179,0.395
Dsim,female,1.174,1.178,0.431,0.412,1.176,0.4215
Dsim,female,1.057,1.044,0.409,0.401,1.0505,0.405
Dsim,female,1.192,1.183,0.416,0.396,1.1875,0.406
Dsim,female,1.045,1.035,0.378,0.378,1.04,0.378
Dsim,female,1.14,1.159,0.414,0.41,1.1495,0.412
Dsim,female,1.13,1.123,0.401,0.383,1.1265,0.392
Dsim,female,1.152,1.129,0.391,0.395,1.1405,0.393
Dsim,female,1.149,1.15,0.397,0.416,1.1495,0.4065
Dsim,female,1.084,1.101,0.377,0.376,1.0925,0.3765
Dsim,female,1.149,1.172,0.408,0.41,1.1605,0.409
Dsim,female,1.198,1.159,0.411,0.408,1.1785,0.4095
Dsim,female,1.051,1.057,0.37,0.343,1.054,0.3565
Dsim,female,1.039,1.042,0.341,0.362,1.0405,0.3515
Dsim,female,1.111,1.115,0.399,0.384,1.113,0.3915
Dsim,female,1.197,1.182,0.405,0.403,1.1895,0.404
Dsim,female,1.166,1.188,0.395,0.389,1.177,0.392
Dsim,female,1.107,1.118,0.402,0.4,1.1125,0.401
Dsim,female,1.179,1.16,0.372,0.402,1.1695,0.387
Dsim,female,1.238,1.253,0.403,0.419,1.2455,0.411
Dsim,female,1.221,1.22,0.413,0.424,1.2205,0.4185
Dsim,female,1.211,1.216,0.413,0.406,1.2135,0.4095
Dsim,female,1.114,1.105,0.418,0.408,1.1095,0.413
Dsim,female,1.218,1.238,0.394,0.402,1.228,0.398
Dsim,female,1.241,1.247,0.398,0.411,1.244,0.4045
Dsim,female,1.239,1.243,0.405,0.399,1.241,0.402
Dsim,female,1.209,1.238,0.405,0.412,1.2235,0.4085
Dsim,female,1.216,1.206,0.399,0.413,1.211,0.406
Dsim,female,1.23,1.251,0.418,0.402,1.2405,0.41
Dsim,female,1.15,1.18,0.391,0.418,1.165,0.4045
Dsim,female,1.234,1.209,0.391,0.399,1.2215,0.395
Dsim,female,1.254,1.234,0.405,0.426,1.244,0.4155
Dsim,female,1.235,1.235,0.411,0.397,1.235,0.404
Dsim,female,1.233,1.234,0.409,0.4,1.2335,0.4045
Dsim,female,1.153,1.171,0.398,0.388,1.162,0.393
Dsim,female,1.154,1.147,0.416,0.405,1.1505,0.4105
Dsim,female,1.214,1.235,0.422,0.41,1.2245,0.416
Dsim,female,1.261,1.263,0.438,0.424,1.262,0.431
Dsim,female,1.195,1.211,0.402,0.413,1.203,0.4075
Dsim,female,1.225,1.235,0.39,0.399,1.23,0.3945
Dsim,female,1.241,1.234,0.419,0.417,1.2375,0.418
Dsim,female,1.22,1.238,0.404,0.409,1.229,0.4065
Dsim,female,1.268,1.263,0.411,0.408,1.2655,0.4095
Dsim,female,1.183,1.179,0.404,0.398,1.181,0.401
Dsim,female,1.171,1.181,0.393,0.405,1.176,0.399
Dsim,female,1.199,1.163,0.409,0.408,1.181,0.4085
Dsim,female,1.22,1.21,0.405,0.404,1.215,0.4045
Dsim,female,1.123,1.097,0.383,0.377,1.11,0.38
Dsim,female,1.243,1.285,0.42,0.396,1.264,0.408
Dsim,female,1.242,1.24,0.415,0.404,1.241,0.4095
Dsim,female,1.219,1.201,0.396,0.405,1.21,0.4005
Dsim,female,1.247,1.251,0.433,0.426,1.249,0.4295
Dsim,female,1.095,1.095,0.403,0.404,1.095,0.4035
Dsim,female,1.183,1.181,0.409,0.406,1.182,0.4075
Dsim,female,1.128,1.135,0.379,0.377,1.1315,0.378
Dsim,female,1.111,1.123,0.4,0.409,1.117,0.4045
Dsim,female,1.214,1.211,0.411,0.402,1.2125,0.4065
Dsim,female,1.236,1.236,0.397,0.405,1.236,0.401
Dsim,female,1.214,1.203,0.407,0.397,1.2085,0.402
Dsim,female,1.227,1.206,0.414,0.414,1.2165,0.414
Dsim,female,1.228,1.212,0.404,0.405,1.22,0.4045
Dsim,female,1.226,1.228,0.412,0.42,1.227,0.416
Dsim,female,1.111,1.123,0.379,0.388,1.117,0.3835
Dsim,female,1.139,1.128,0.388,0.371,1.1335,0.3795
Dsim,female,1.226,1.225,0.424,0.421,1.2255,0.4225
Dsim,female,1.062,1.065,0.357,0.363,1.0635,0.36
Dsim,female,1.234,1.247,0.405,0.422,1.2405,0.4135
Dsim,female,1.159,1.165,0.394,0.406,1.162,0.4
Dsim,female,1.194,1.179,0.405,0.394,1.1865,0.3995
Dsim,female,1.214,1.211,0.409,0.411,1.2125,0.41
Dsim,female,1.254,1.246,0.418,0.4,1.25,0.409
Dsim,female,1.234,1.235,0.375,0.402,1.2345,0.3885
Dsim,female,1.119,1.116,0.402,0.399,1.1175,0.4005
Dsim,female,1.257,1.282,0.426,0.409,1.2695,0.4175
Dsim,female,1.204,1.22,0.409,0.401,1.212,0.405
Dsim,female,1.235,1.228,0.406,0.406,1.2315,0.406
Dsim,female,1.186,1.155,0.388,0.381,1.1705,0.3845
Dsim,female,1.223,1.23,0.404,0.404,1.2265,0.404
Dsim,female,1.17,1.098,0.395,0.411,1.134,0.403
Dsim,female,1.151,1.167,0.41,0.415,1.159,0.4125
Dsim,female,1.103,1.112,0.387,0.384,1.1075,0.3855
Dsim,female,1.237,1.254,0.404,0.369,1.2455,0.3865
Dsim,female,1.161,1.182,0.411,0.408,1.1715,0.4095
Dsim,female,1.216,1.221,0.37,0.414,1.2185,0.392
Dsim,female,1.217,1.21,0.396,0.412,1.2135,0.404
Dsim,female,1.182,1.181,0.413,0.392,1.1815,0.4025
Dsim,female,1.115,1.104,0.401,0.402,1.1095,0.4015
Dsim,female,1.113,1.093,0.401,0.36,1.103,0.3805
Dsim,female,1.191,1.186,0.416,0.406,1.1885,0.411
Dsim,female,1.211,1.218,0.424,0.414,1.2145,0.419
Dsim,female,1.167,1.16,0.408,0.398,1.1635,0.403
Dsim,female,1.206,1.178,0.39,0.394,1.192,0.392
Dana,female,1.511,1.52,0.4658,0.484,1.5155,0.4749
Dana,female,1.63,1.634,0.511,0.5044,1.632,0.5077
Dana,female,1.6,1.603,0.4952,0.4954,1.6015,0.4953
Dana,female,1.625,1.61,0.5061,0.5054,1.6175,0.50575
Dana,female,1.614,1.633,0.5177,0.4971,1.6235,0.5074
Dana,female,1.587,1.598,0.4895,0.45,1.5925,0.46975
Dana,female,1.602,1.624,0.5196,0.4992,1.613,0.5094
Dana,female,1.644,1.638,0.5018,0.4933,1.641,0.49755
Dana,female,1.575,1.569,0.4897,0.4931,1.572,0.4914
Dana,female,1.596,1.589,0.4769,0.4905,1.5925,0.4837
Dana,female,1.58,1.611,0.4799,0.4624,1.5955,0.47115
Dana,female,1.572,1.556,0.4845,0.4732,1.564,0.47885
Dana,female,1.64,1.635,0.4933,0.4933,1.6375,0.4933
Dana,female,1.607,1.638,0.4944,0.4892,1.6225,0.4918
Dana,female,1.583,1.585,0.4706,0.4797,1.584,0.47515
Dana,female,1.531,1.6,0.4804,0.4983,1.5655,0.48935
Dana,female,1.61,1.634,0.5023,0.5171,1.622,0.5097
Dana,female,1.651,1.643,0.482,0.5114,1.647,0.4967
Dana,female,1.426,1.393,0.438,0.46,1.4095,0.449
Dana,female,1.33,1.313,0.418,0.431,1.3215,0.4245
Dana,female,1.472,1.467,0.481,0.482,1.4695,0.4815
Dana,female,1.376,1.389,0.468,0.463,1.3825,0.4655
Dana,female,1.229,1.225,0.413,0.398,1.227,0.4055
Dana,female,1.261,1.269,0.405,0.409,1.265,0.407
Dana,female,1.249,1.233,0.392,0.388,1.241,0.39
Dana,female,1.509,1.511,0.49,0.498,1.51,0.494
Dana,female,1.244,1.252,0.41,0.413,1.248,0.4115
Dana,female,1.441,1.446,0.448,0.439,1.4435,0.4435
Dana,female,1.173,1.171,0.388,0.399,1.172,0.3935
Dana,female,1.373,1.392,0.462,0.472,1.3825,0.467
Dana,female,1.352,1.357,0.444,0.441,1.3545,0.4425
Dana,female,1.326,1.331,0.446,0.424,1.3285,0.435
Dana,female,1.245,1.245,0.412,0.417,1.245,0.4145
Dana,female,1.105,1.118,0.35,0.341,1.1115,0.3455
Dana,female,1.228,1.229,0.414,0.414,1.2285,0.414
Dana,female,1.247,1.245,0.409,0.41,1.246,0.4095
Dana,female,1.334,1.339,0.44,0.437,1.3365,0.4385
Dana,female,1.212,1.2,0.39,0.387,1.206,0.3885
Dana,female,1.309,1.289,0.412,0.432,1.299,0.422
Dana,female,1.358,1.371,0.441,0.451,1.3645,0.446
Dana,female,1.226,1.226,0.428,0.37,1.226,0.399
Dana,female,1.346,1.331,0.406,0.45,1.3385,0.428
Dana,female,1.258,1.29,0.391,0.422,1.274,0.4065
Dana,female,1.32,1.301,0.425,0.41,1.3105,0.4175
Dana,female,1.375,1.371,0.448,0.457,1.373,0.4525
Dana,female,1.224,1.217,0.408,0.422,1.2205,0.415
Dana,female,1.215,1.203,0.417,0.402,1.209,0.4095
Dana,female,1.271,1.271,0.43,0.402,1.271,0.416
Dana,female,1.317,1.311,0.429,0.44,1.314,0.4345
Dana,female,1.321,1.319,0.445,0.418,1.32,0.4315
Dana,female,1.169,1.124,0.391,0.4,1.1465,0.3955
Dana,female,1.255,1.267,0.424,0.415,1.261,0.4195
Dana,female,1.201,1.209,0.414,0.42,1.205,0.417
Dana,female,1.46,1.463,0.47,0.457,1.4615,0.4635
Dana,female,1.264,1.278,0.4,0.422,1.271,0.411
Dana,female,1.258,1.277,0.411,0.412,1.2675,0.4115
Dana,female,1.243,1.245,0.404,0.414,1.244,0.409
Dana,female,1.297,1.303,0.422,0.397,1.3,0.4095
Dana,female,1.174,1.173,0.406,0.396,1.1735,0.401
Dana,female,1.376,1.374,0.447,0.455,1.375,0.451
Dana,female,1.283,1.283,0.432,0.433,1.283,0.4325
Dana,female,1.308,1.299,0.441,0.408,1.3035,0.4245
Dana,female,1.102,1.098,0.352,0.382,1.1,0.367
Dana,female,1.222,1.242,0.406,0.405,1.232,0.4055
Dana,female,1.424,1.408,0.456,0.454,1.416,0.455
Dana,female,1.465,1.466,0.444,0.496,1.4655,0.47
Dana,female,1.208,1.203,0.402,0.395,1.2055,0.3985
Dana,female,1.327,1.349,0.437,0.427,1.338,0.432
Dana,female,1.391,1.394,0.437,0.468,1.3925,0.4525
Dana,female,1.165,1.146,0.376,0.376,1.1555,0.376
Dana,female,1.287,1.29,0.421,0.431,1.2885,0.426
Dana,female,1.207,1.207,0.398,0.409,1.207,0.4035
Dana,female,1.437,1.431,0.483,0.481,1.434,0.482
Dana,female,1.212,1.198,0.415,0.415,1.205,0.415
Dana,female,1.302,1.301,0.418,0.407,1.3015,0.4125
Dana,female,1.155,1.159,0.392,0.383,1.157,0.3875
Dana,female,1.386,1.373,0.466,0.46,1.3795,0.463
Dana,female,1.432,1.42,0.473,0.477,1.426,0.475
Dana,female,1.288,1.286,0.422,0.422,1.287,0.422
Dana,female,1.308,1.303,0.418,0.42,1.3055,0.419
Dana,female,1.279,1.292,0.422,0.419,1.2855,0.4205
Dana,female,1.216,1.222,0.393,0.401,1.219,0.397
Dana,female,1.375,1.384,0.441,0.458,1.3795,0.4495
Dana,female,1.345,1.334,0.458,0.443,1.3395,0.4505
Dana,female,1.511,1.495,0.478,0.486,1.503,0.482
Dana,female,1.413,1.397,0.455,0.457,1.405,0.456
Dana,female,1.238,1.245,0.42,0.388,1.2415,0.404
Dana,female,1.388,1.386,0.449,0.472,1.387,0.4605
Dana,female,1.193,1.204,0.405,0.42,1.1985,0.4125
Dana,female,1.434,1.441,0.483,0.467,1.4375,0.475
Dana,female,1.299,1.288,0.427,0.428,1.2935,0.4275
Dana,female,1.317,1.293,0.44,0.438,1.305,0.439
Dana,female,1.44,1.428,0.466,0.463,1.434,0.4645
Dana,female,1.4,1.397,0.45,0.446,1.3985,0.448
Dana,female,1.329,1.334,0.425,0.435,1.3315,0.43
Dana,female,1.206,1.213,0.393,0.395,1.2095,0.394
Dana,female,1.26,1.255,0.441,0.419,1.2575,0.43
Dana,female,1.416,1.397,0.477,0.45,1.4065,0.4635
Dana,female,1.403,1.381,0.452,0.465,1.392,0.4585
Dana,female,1.307,1.278,0.424,0.431,1.2925,0.4275
Dana,female,1.307,1.317,0.427,0.407,1.312,0.417
Dana,female,1.418,1.457,0.486,0.465,1.4375,0.4755
Dana,female,1.406,1.39,0.468,0.453,1.398,0.4605
Dana,female,1.292,1.283,0.431,0.425,1.2875,0.428
Dana,female,1.357,1.326,0.431,0.433,1.3415,0.432
Dana,female,1.311,1.301,0.417,0.431,1.306,0.424
Dana,female,1.38,1.402,0.45,0.459,1.391,0.4545
Dana,female,1.315,1.312,0.446,0.443,1.3135,0.4445
Dana,female,1.357,1.386,0.442,0.442,1.3715,0.442
Dana,female,1.299,1.299,0.414,0.406,1.299,0.41
Dana,female,1.405,1.406,0.481,0.467,1.4055,0.474
Dana,female,1.228,1.203,0.379,0.413,1.2155,0.396
Dana,female,1.413,1.39,0.447,0.456,1.4015,0.4515
Dana,female,1.242,1.246,0.409,0.416,1.244,0.4125
Dana,female,1.403,1.397,0.468,0.469,1.4,0.4685
Dana,female,1.475,1.494,0.5,0.48,1.4845,0.49
Dana,female,1.507,1.524,0.484,0.49,1.5155,0.487
Dana,female,1.509,1.508,0.49,0.504,1.5085,0.497
Dana,female,1.29,1.284,0.439,0.445,1.287,0.442
Dana,female,1.522,1.508,0.474,0.481,1.515,0.4775
Dana,female,1.275,1.263,0.419,0.414,1.269,0.4165
Dana,female,1.524,1.527,0.487,0.502,1.5255,0.4945
Dana,female,1.463,1.459,0.486,0.482,1.461,0.484
Dana,female,1.328,1.35,0.416,0.426,1.339,0.421
Dana,female,1.497,1.497,0.481,0.487,1.497,0.484
Dana,female,1.402,1.389,0.477,0.465,1.3955,0.471
Dana,female,1.465,1.461,0.479,0.486,1.463,0.4825
Dana,female,1.461,1.449,0.456,0.478,1.455,0.467
Dana,female,1.313,1.306,0.453,0.434,1.3095,0.4435
Dana,female,1.432,1.467,0.468,0.486,1.4495,0.477
Dana,female,1.508,1.519,0.47,0.471,1.5135,0.4705
Dana,female,1.27,1.258,0.427,0.426,1.264,0.4265
Dana,female,1.429,1.437,0.47,0.447,1.433,0.4585
Dana,female,1.326,1.308,0.435,0.426,1.317,0.4305
Dana,female,1.389,1.397,0.461,0.452,1.393,0.4565
Dana,female,1.328,1.328,0.429,0.437,1.328,0.433
Dana,female,1.526,1.526,0.493,0.502,1.526,0.4975
Dana,female,1.302,1.276,0.435,0.434,1.289,0.4345
Dana,female,1.326,1.31,0.434,0.45,1.318,0.442
Dana,female,1.507,1.514,0.484,0.47,1.5105,0.477
Dana,female,1.49,1.48,0.489,0.48,1.485,0.4845
Dana,female,1.534,1.524,0.491,0.484,1.529,0.4875
Dana,female,1.351,1.331,0.45,0.451,1.341,0.4505
Dana,female,1.482,1.46,0.473,0.478,1.471,0.4755
Dana,female,1.328,1.326,0.433,0.435,1.327,0.434
Dana,female,1.521,1.536,0.492,0.488,1.5285,0.49
Dana,female,1.548,1.532,0.485,0.462,1.54,0.4735
Dana,female,1.459,1.464,0.462,0.47,1.4615,0.466
Dana,female,1.514,1.506,0.504,0.49,1.51,0.497
Dana,female,1.303,1.305,0.433,0.428,1.304,0.4305
Dana,female,1.499,1.491,0.486,0.458,1.495,0.472
Dana,female,1.306,1.327,0.433,0.452,1.3165,0.4425
Dana,female,1.498,1.501,0.522,0.495,1.4995,0.5085
Dana,female,1.54,1.534,0.482,0.479,1.537,0.4805
Dana,female,1.532,1.533,0.496,0.51,1.5325,0.503
Dana,female,1.46,1.461,0.486,0.483,1.4605,0.4845
Dana,female,1.377,1.349,0.452,0.462,1.363,0.457
Dana,female,1.505,1.499,0.472,0.459,1.502,0.4655
Dana,female,1.497,1.484,0.496,0.503,1.4905,0.4995
Dana,female,1.278,1.255,0.431,0.315,1.2665,0.373
Dana,female,1.309,1.315,0.442,0.416,1.312,0.429
Dana,female,1.326,1.322,0.445,0.449,1.324,0.447
Dana,female,1.335,1.333,0.444,0.442,1.334,0.443
Dana,female,1.522,1.511,0.488,0.481,1.5165,0.4845
Dana,female,1.295,1.303,0.428,0.423,1.299,0.4255
Dana,female,1.466,1.481,0.478,0.481,1.4735,0.4795
Dana,female,1.453,1.466,0.491,0.481,1.4595,0.486
Dana,female,1.462,1.465,0.466,0.482,1.4635,0.474
Dana,female,1.492,1.491,0.482,0.474,1.4915,0.478
Dvir,female,1.553,1.554,0.6134,0.6122,1.5535,0.6128
Dvir,female,1.622,1.6384,0.6321,0.6237,1.6302,0.6279
Dvir,female,1.583,1.592,0.5953,0.5816,1.5875,0.58845
Dvir,female,1.544,1.5481,0.5546,0.5499,1.54605,0.55225
Dvir,female,1.5951,1.593,0.6209,0.6141,1.59405,0.6175
Dvir,female,1.635,1.6116,0.5836,0.5933,1.6233,0.58845
Dvir,female,1.548,1.554,0.5313,0.5253,1.551,0.5283
Dvir,female,1.43,1.431,0.563,0.574,1.4305,0.5685
Dvir,female,1.374,1.362,0.557,0.527,1.368,0.542
Dvir,female,1.37,1.404,0.558,0.57,1.387,0.564
Dvir,female,1.409,1.382,0.559,0.541,1.3955,0.55
Dvir,female,1.343,1.336,0.544,0.5,1.3395,0.522
Dvir,female,1.387,1.375,0.579,0.579,1.381,0.579
Dvir,female,1.289,1.325,0.533,0.529,1.307,0.531
Dvir,female,1.31,1.302,0.517,0.513,1.306,0.515
Dvir,female,1.4,1.39,0.542,0.537,1.395,0.5395
Dvir,female,1.358,1.371,0.547,0.553,1.3645,0.55
Dvir,female,1.264,1.276,0.521,0.5,1.27,0.5105
Dvir,female,1.361,1.384,0.558,0.543,1.3725,0.5505
Dvir,female,1.323,1.307,0.529,0.521,1.315,0.525
Dvir,female,1.291,1.305,0.511,0.499,1.298,0.505
Dvir,female,1.352,1.343,0.516,0.537,1.3475,0.5265
Dvir,female,1.268,1.204,0.558,0.547,1.236,0.5525
Dvir,female,1.36,1.373,0.558,0.584,1.3665,0.571
Dvir,female,1.347,1.305,0.531,0.529,1.326,0.53
Dvir,female,1.37,1.375,0.557,0.517,1.3725,0.537
Dvir,female,1.376,1.394,0.551,0.568,1.385,0.5595
Dvir,female,1.28,1.263,0.51,0.51,1.2715,0.51
Dvir,female,1.315,1.296,0.522,0.504,1.3055,0.513
Dvir,female,1.385,1.369,0.55,0.542,1.377,0.546
Dvir,female,1.372,1.375,0.511,0.527,1.3735,0.519
Dvir,female,1.255,1.29,0.505,0.53,1.2725,0.5175
Dvir,female,1.311,1.326,0.527,0.533,1.3185,0.53
Dvir,female,1.411,1.41,0.53,0.502,1.4105,0.516
Dvir,female,1.315,1.325,0.507,0.475,1.32,0.491
Dvir,female,1.303,1.231,0.542,0.505,1.267,0.5235
Dvir,female,1.317,1.339,0.533,0.529,1.328,0.531
Dvir,female,1.417,1.415,0.547,0.571,1.416,0.559
Dvir,female,1.256,1.252,0.507,0.503,1.254,0.505
Dvir,female,1.268,1.256,0.497,0.511,1.262,0.504
Dvir,female,1.443,1.432,0.57,0.574,1.4375,0.572
Dvir,female,1.397,1.394,0.532,0.549,1.3955,0.5405
Dvir,female,1.405,1.388,0.559,0.561,1.3965,0.56
Dvir,female,1.391,1.402,0.567,0.554,1.3965,0.5605
Dvir,female,1.493,1.478,0.608,0.58,1.4855,0.594
Dvir,female,1.521,1.483,0.585,0.614,1.502,0.5995
Dvir,female,1.479,1.506,0.58,0.623,1.4925,0.6015
Dvir,female,1.511,1.446,0.604,0.588,1.4785,0.596
Dvir,female,1.542,1.532,0.596,0.593,1.537,0.5945
Dvir,female,1.54,1.515,0.621,0.601,1.5275,0.611
Dvir,female,1.474,1.482,0.601,0.596,1.478,0.5985
Dvir,female,1.433,1.453,0.591,0.576,1.443,0.5835
Dvir,female,1.428,1.406,0.557,0.561,1.417,0.559
Dvir,female,1.36,1.38,0.58,0.529,1.37,0.5545
Dvir,female,1.434,1.439,0.568,0.549,1.4365,0.5585
Dvir,female,1.271,1.259,0.523,0.513,1.265,0.518
Dvir,female,1.309,1.332,0.562,0.569,1.3205,0.5655
Dvir,female,1.283,1.31,0.525,0.522,1.2965,0.5235
Dvir,female,1.313,1.35,0.577,0.539,1.3315,0.558
Dvir,female,1.355,1.322,0.532,0.543,1.3385,0.5375
Dvir,female,1.256,1.277,0.51,0.523,1.2665,0.5165
Dvir,female,1.465,1.484,0.58,0.598,1.4745,0.589
Dvir,female,1.334,1.331,0.531,0.503,1.3325,0.517
Dvir,female,1.337,1.365,0.528,0.547,1.351,0.5375
Dvir,female,1.313,1.323,0.539,0.542,1.318,0.5405
Dvir,female,1.486,1.495,0.587,0.613,1.4905,0.6
Dvir,female,1.488,1.492,0.554,0.548,1.49,0.551
Dvir,female,1.322,1.346,0.551,0.527,1.334,0.539
Dvir,female,1.513,1.52,0.59,0.563,1.5165,0.5765
Dvir,female,1.351,1.327,0.539,0.552,1.339,0.5455
Dvir,female,1.409,1.449,0.583,0.588,1.429,0.5855
Dvir,female,1.529,1.531,0.602,0.588,1.53,0.595
Dvir,female,1.398,1.367,0.572,0.552,1.3825,0.562
Dvir,female,1.389,1.416,0.571,0.534,1.4025,0.5525
Dvir,female,1.413,1.428,0.566,0.55,1.4205,0.558
Dvir,female,1.502,1.496,0.582,0.602,1.499,0.592
Dvir,female,1.457,1.464,0.571,0.547,1.4605,0.559
Dvir,female,1.311,1.294,0.506,0.511,1.3025,0.5085
Dvir,female,1.256,1.239,0.511,0.522,1.2475,0.5165
Dvir,female,1.376,1.361,0.534,0.545,1.3685,0.5395
Dvir,female,1.364,1.379,0.573,0.546,1.3715,0.5595
Dvir,female,1.427,1.467,0.527,0.507,1.447,0.517
Dvir,female,1.351,1.338,0.574,0.555,1.3445,0.5645
Dvir,female,1.405,1.391,0.569,0.554,1.398,0.5615
Dvir,female,1.349,1.341,0.56,0.557,1.345,0.5585
Dvir,female,1.478,1.457,0.574,0.572,1.4675,0.573
Dvir,female,1.518,1.528,0.584,0.574,1.523,0.579
Dvir,female,1.529,1.562,0.636,0.576,1.5455,0.606
Dvir,female,1.524,1.494,0.578,0.542,1.509,0.56
Dvir,female,1.422,1.436,0.563,0.613,1.429,0.588
Dvir,female,1.397,1.394,0.538,0.53,1.3955,0.534
Dvir,female,1.379,1.403,0.57,0.579,1.391,0.5745
Dvir,female,1.534,1.538,0.558,0.593,1.536,0.5755
Dvir,female,1.436,1.463,0.588,0.58,1.4495,0.584
Dvir,female,1.503,1.504,0.551,0.589,1.5035,0.57
Dvir,female,1.289,1.293,0.521,0.536,1.291,0.5285
Dvir,female,1.354,1.336,0.535,0.513,1.345,0.524
Dvir,female,1.267,1.273,0.49,0.49,1.27,0.49
Dvir,female,1.229,1.29,0.533,0.505,1.2595,0.519
Dvir,female,1.392,1.379,0.527,0.565,1.3855,0.546
Dvir,female,1.299,1.294,0.538,0.555,1.2965,0.5465
Dvir,female,1.392,1.406,0.549,0.559,1.399,0.554
Dvir,female,1.377,1.348,0.561,0.556,1.3625,0.5585
Dvir,female,1.391,1.412,0.563,0.558,1.4015,0.5605
Dvir,female,1.307,1.32,0.512,0.525,1.3135,0.5185
Dvir,female,1.389,1.373,0.538,0.542,1.381,0.54
Dvir,female,1.301,1.294,0.534,0.519,1.2975,0.5265
Dvir,female,1.377,1.374,0.552,0.555,1.3755,0.5535
Dvir,female,1.484,1.46,0.56,0.579,1.472,0.5695
Dvir,female,1.347,1.366,0.531,0.537,1.3565,0.534
Dvir,female,1.261,1.239,0.483,0.497,1.25,0.49
Dvir,female,1.287,1.296,0.505,0.493,1.2915,0.499
Dvir,female,1.506,1.508,0.587,0.573,1.507,0.58
Dvir,female,1.376,1.407,0.552,0.569,1.3915,0.5605
Dvir,female,1.305,1.306,0.503,0.52,1.3055,0.5115
Dvir,female,1.427,1.429,0.576,0.58,1.428,0.578
Dvir,female,1.281,1.282,0.529,0.529,1.2815,0.529
Dvir,female,1.347,1.337,0.54,0.524,1.342,0.532
Dvir,female,1.435,1.411,0.57,0.556,1.423,0.563
Dvir,female,1.364,1.37,0.543,0.527,1.367,0.535
Dvir,female,1.344,1.332,0.525,0.522,1.338,0.5235
Dvir,female,1.136,1.143,0.481,0.47,1.1395,0.4755
Dvir,female,1.35,1.338,0.528,0.537,1.344,0.5325
Dvir,female,1.345,1.348,0.551,0.535,1.3465,0.543
Dvir,female,1.444,1.446,0.552,0.57,1.445,0.561
Dvir,female,1.317,1.314,0.508,0.531,1.3155,0.5195
Dvir,female,1.334,1.332,0.524,0.535,1.333,0.5295
Dvir,female,1.32,1.323,0.529,0.515,1.3215,0.522
Dvir,female,1.374,1.367,0.542,0.555,1.3705,0.5485
Dvir,female,1.3,1.317,0.523,0.523,1.3085,0.523
Dvir,female,1.304,1.292,0.534,0.51,1.298,0.522
Dvir,female,1.498,1.485,0.604,0.594,1.4915,0.599
Dvir,female,1.455,1.433,0.569,0.57,1.444,0.5695
Dvir,female,1.364,1.367,0.516,0.537,1.3655,0.5265
Dvir,female,1.17,1.161,0.465,0.467,1.1655,0.466
Dvir,female,1.343,1.332,0.526,0.535,1.3375,0.5305
Dvir,female,1.346,1.321,0.527,0.525,1.3335,0.526
Dvir,female,1.296,1.302,0.516,0.499,1.299,0.5075
Dvir,female,1.384,1.385,0.571,0.557,1.3845,0.564
Dvir,female,1.354,1.362,0.548,0.526,1.358,0.537
Dvir,female,1.268,1.259,0.523,0.514,1.2635,0.5185
Dvir,female,1.397,1.424,0.555,0.57,1.4105,0.5625
Dvir,female,1.286,1.319,0.532,0.501,1.3025,0.5165
Dvir,female,1.24,1.226,0.501,0.507,1.233,0.504
Dvir,female,1.44,1.444,0.566,0.564,1.442,0.565
Dvir,female,1.386,1.358,0.54,0.537,1.372,0.5385
Dvir,female,1.389,1.382,0.564,0.565,1.3855,0.5645
Dvir,female,1.209,1.241,0.502,0.494,1.225,0.498
Dvir,female,1.402,1.364,0.539,0.552,1.383,0.5455
Dvir,female,1.432,1.402,0.569,0.567,1.417,0.568
Dvir,female,1.359,1.362,0.566,0.55,1.3605,0.558
Dvir,female,1.252,1.23,0.515,0.503,1.241,0.509
Dvir,female,1.303,1.357,0.548,0.557,1.33,0.5525
Dvir,female,1.46,1.466,0.557,0.571,1.463,0.564
Dvir,female,1.368,1.37,0.526,0.549,1.369,0.5375
Dvir,female,1.19,1.2,0.481,0.502,1.195,0.4915
