line,sex,left_wing,right_wing,left_tibia,right_tibia,mean_wing,mean_tibia,,log_tibia,log_wing,,ratio_left,ratio_right
Dmel_WT,female,1.442,1.442,0.4361,0.4176,1.442,0.42685,,-0.369724714,0.15896526,,3.306581059,3.453065134
Dmel_WT,female,1.568,1.574,0.4818,0.4955,1.571,0.48865,,-0.311002097,0.196176185,,3.254462433,3.176589304
Dmel_WT,female,1.586,1.583,0.4976,0.5015,1.5845,0.49955,,-0.301421037,0.199892244,,3.187299035,3.156530409
Dmel_WT,female,1.503,1.502,0.4543,0.4576,1.5025,0.45595,,-0.34108278,0.176814481,,3.308386529,3.282342657
Dmel_WT,female,1.411,1.42,0.4335,0.4338,1.4155,0.43365,,-0.362860649,0.150909874,,3.254901961,3.273397879
Dmel_WT,female,1.554,1.564,0.4698,0.4869,1.559,0.47835,,-0.320254222,0.192846115,,3.307790549,3.212158554
Dmel_WT,female,1.6,1.61,0.4993,0.4928,1.605,0.49605,,-0.304474546,0.205475037,,3.204486281,3.267045455
Dmel_WT,female,1.523,1.532,0.4761,0.4627,1.5275,0.4694,,-0.328456915,0.183981219,,3.198907792,3.311000648
Dmel_WT,female,1.442,1.423,0.4392,0.4271,1.4325,0.43315,,-0.363361681,0.156094631,,3.283242259,3.331772419
Dmel_WT,female,1.46,1.473,0.4636,0.4612,1.4665,0.4624,,-0.334982175,0.166282067,,3.149266609,3.193842151
Dmel_WT,female,1.54,1.553,0.489,0.4627,1.5465,0.47585,,-0.322529926,0.189349924,,3.149284254,3.356386427
Dmel_WT,female,1.539,1.515,0.4792,0.4815,1.527,0.48035,,-0.318442205,0.183839037,,3.211602671,3.146417445
Dmel_WT,female,1.5523,1.546,0.4894,0.4773,1.54915,0.48335,,-0.315738277,0.190093471,,3.171843073,3.239053006
Dmel_WT,female,1.575,1.572,0.4839,0.4914,1.5735,0.48765,,-0.311891771,0.196866747,,3.254804712,3.199023199
Dmel_WT,female,1.6,1.582,0.5036,0.4959,1.591,0.49975,,-0.301247197,0.20167018,,3.177124702,3.190159306
Dmel_WT,female,1.522,1.516,0.463,0.4729,1.519,0.46795,,-0.329800548,0.181557774,,3.287257019,3.205751745
Dmel_WT,female,1.563,1.562,0.4843,0.4887,1.5625,0.4865,,-0.312917155,0.193820026,,3.227338427,3.196234909
Dmel_WT,female,1.577,1.6,0.485,0.4897,1.5885,0.48735,,-0.31215903,0.200987219,,3.251546392,3.267306514
Dmel_WT,female,1.547,1.548,0.4584,0.4792,1.5475,0.4688,,-0.329012397,0.189630658,,3.37478185,3.230383973
Dmel_WT,female,1.431,1.443,0.4351,0.4475,1.437,0.4413,,-0.355266073,0.157456768,,3.288899104,3.224581006
Dmel_WT,female,1.228,1.238,0.39,0.396,1.233,0.393,,-0.40560745,0.090963077,,3.148717949,3.126262626
Dmel_WT,female,1.147,1.157,0.364,0.367,1.152,0.3655,,-0.437112619,0.061452479,,3.151098901,3.152588556
Dmel_WT,female,1.454,1.443,0.465,0.456,1.4485,0.4605,,-0.336770365,0.1609185,,3.12688172,3.164473684
Dmel_WT,female,1.351,1.341,0.431,0.434,1.346,0.4325,,-0.364013888,0.12904506,,3.134570766,3.089861751
Dmel_WT,female,1.486,1.501,0.484,0.491,1.4935,0.4875,,-0.31202538,0.174205227,,3.070247934,3.057026477
Dmel_WT,female,1.414,1.506,0.468,0.448,1.46,0.458,,-0.339134522,0.164352856,,3.021367521,3.361607143
Dmel_WT,female,1.467,1.463,0.475,0.485,1.465,0.48,,-0.318758763,0.165837625,,3.088421053,3.016494845
Dmel_WT,female,1.384,1.375,0.438,0.446,1.3795,0.442,,-0.354577731,0.139721705,,3.159817352,3.082959641
Dmel_WT,female,1.277,1.311,0.425,0.41,1.294,0.4175,,-0.37934352,0.111934276,,3.004705882,3.197560976
Dmel_WT,female,1.475,1.469,0.499,0.46,1.472,0.4795,,-0.319211388,0.16790781,,2.955911824,3.193478261
Dmel_WT,female,1.428,1.417,0.475,0.447,1.4225,0.461,,-0.336299075,0.153052275,,3.006315789,3.170022371
Dmel_WT,female,1.331,1.318,0.426,0.432,1.3245,0.429,,-0.367542708,0.122051963,,3.124413146,3.050925926
Dmel_WT,female,1.451,1.445,0.471,0.445,1.448,0.458,,-0.339134522,0.160768562,,3.080679406,3.247191011
Dmel_WT,female,1.471,1.455,0.469,0.457,1.463,0.463,,-0.334419009,0.165244326,,3.136460554,3.18380744
Dmel_WT,female,1.349,1.342,0.432,0.448,1.3455,0.44,,-0.356547324,0.128883702,,3.122685185,2.995535714
Dmel_WT,female,1.41,1.422,0.462,0.456,1.416,0.459,,-0.338187314,0.151063253,,3.051948052,3.118421053
Dmel_WT,female,1.195,1.226,0.392,0.397,1.2105,0.3945,,-0.403952992,0.082964794,,3.048469388,3.088161209
Dmel_WT,female,1.514,1.492,0.468,0.48,1.503,0.474,,-0.324221658,0.176958981,,3.235042735,3.108333333
Dmel_WT,female,1.491,1.489,0.473,0.46,1.49,0.4665,,-0.331148352,0.173186268,,3.152219873,3.236956522
Dmel_WT,female,1.449,1.386,0.476,0.467,1.4175,0.4715,,-0.326518303,0.151523068,,3.044117647,2.967880086
Dmel_WT,female,1.268,1.278,0.401,0.41,1.273,0.4055,,-0.392009141,0.104828404,,3.162094763,3.117073171
Dmel_WT,female,1.459,1.468,0.468,0.443,1.4635,0.4555,,-0.341511619,0.165392727,,3.117521368,3.313769752
Dmel_WT,female,1.491,1.468,0.486,0.491,1.4795,0.4885,,-0.311135432,0.170114969,,3.067901235,2.989816701
Dmel_WT,female,1.46,1.472,0.471,0.477,1.466,0.474,,-0.324221658,0.16613397,,3.099787686,3.085953878
Dmel_WT,female,1.499,1.506,0.481,0.481,1.5025,0.481,,-0.317854924,0.176814481,,3.116424116,3.130977131
Dmel_WT,female,1.37,1.389,0.461,0.45,1.3795,0.4555,,-0.341511619,0.139721705,,2.971800434,3.086666667
Dmel_WT,female,1.223,1.251,0.387,0.394,1.237,0.3905,,-0.408378962,0.0923697,,3.160206718,3.175126904
Dmel_WT,female,1.283,1.296,0.417,0.436,1.2895,0.4265,,-0.370080964,0.110421346,,3.076738609,2.972477064
Dmel_WT,female,1.413,1.428,0.454,0.488,1.4205,0.471,,-0.326979093,0.152441238,,3.112334802,2.926229508
Dmel_WT,female,1.351,1.474,0.462,0.491,1.4125,0.4765,,-0.321937095,0.149988456,,2.924242424,3.00203666
Dmel_WT,female,1.434,1.44,0.456,0.458,1.437,0.457,,-0.3400838,0.157456768,,3.144736842,3.144104803
Dmel_WT,female,1.464,1.457,0.471,0.462,1.4605,0.4665,,-0.331148352,0.164501561,,3.108280255,3.153679654
Dmel_WT,female,1.446,1.451,0.45,0.459,1.4485,0.4545,,-0.342466112,0.1609185,,3.213333333,3.161220044
Dmel_WT,female,1.453,1.434,0.47,0.477,1.4435,0.4735,,-0.324680017,0.159416788,,3.091489362,3.006289308
Dmel_WT,female,1.445,1.466,0.458,0.459,1.4555,0.4585,,-0.33866066,0.16301221,,3.155021834,3.193899782
Dmel_WT,female,1.35,1.352,0.456,0.434,1.351,0.445,,-0.351639989,0.130655349,,2.960526316,3.115207373
Dmel_WT,female,1.227,1.218,0.435,0.417,1.2225,0.426,,-0.370590401,0.087248868,,2.820689655,2.920863309
Dmel_WT,female,1.265,1.262,0.433,0.372,1.2635,0.4025,,-0.395234115,0.101575246,,2.92147806,3.392473118
Dmel_WT,female,1.458,1.447,0.445,0.464,1.4525,0.4545,,-0.342466112,0.162116141,,3.276404494,3.118534483
Dmel_WT,female,1.411,1.39,0.468,0.46,1.4005,0.464,,-0.333482019,0.146283113,,3.014957265,3.02173913
Dmel_WT,female,1.496,1.459,0.469,0.471,1.4775,0.47,,-0.327902142,0.16952749,,3.189765458,3.097664544
Dmel_WT,female,1.502,1.456,0.488,0.478,1.479,0.483,,-0.316052869,0.169968174,,3.077868852,3.046025105
Dmel_WT,female,1.476,1.458,0.473,0.472,1.467,0.4725,,-0.325598187,0.166430114,,3.1205074,3.088983051
Dmel_WT,female,1.344,1.356,0.427,0.443,1.35,0.435,,-0.361510743,0.130333768,,3.147540984,3.060948081
Dmel_WT,female,1.454,1.463,0.48,0.468,1.4585,0.474,,-0.324221658,0.163906433,,3.029166667,3.126068376
Dmel_WT,female,1.228,1.238,0.39,0.381,1.233,0.3855,,-0.413975618,0.090963077,,3.148717949,3.249343832
Dmel_WT,female,1.461,1.468,0.479,0.467,1.4645,0.473,,-0.325138859,0.165689376,,3.050104384,3.143468951
Dmel_WT,female,1.212,1.2,0.388,0.388,1.206,0.388,,-0.411168274,0.081347308,,3.12371134,3.092783505
Dmel_WT,female,1.245,1.221,0.408,0.41,1.233,0.409,,-0.388276692,0.090963077,,3.051470588,2.97804878
Dmel_WT,female,1.373,1.388,0.444,0.452,1.3805,0.448,,-0.348721986,0.140036411,,3.092342342,3.07079646
Dmel_WT,female,1.282,1.293,0.431,0.408,1.2875,0.4195,,-0.377268035,0.109747238,,2.974477958,3.169117647
Dmel_WT,female,1.433,1.449,0.457,0.483,1.441,0.47,,-0.327902142,0.158663981,,3.135667396,3
Dmel_WT,female,1.27,1.295,0.425,0.415,1.2825,0.42,,-0.37675071,0.108057374,,2.988235294,3.120481928
Dmel_WT,female,1.438,1.463,0.474,0.434,1.4505,0.454,,-0.342944147,0.161517733,,3.033755274,3.370967742
Dmel_WT,female,1.42,1.447,0.46,0.451,1.4335,0.4555,,-0.341511619,0.156397697,,3.086956522,3.208425721
Dmel_WT,female,1.311,1.31,0.447,0.439,1.3105,0.443,,-0.353596274,0.117437025,,2.932885906,2.98405467
Dmel_WT,female,1.454,1.443,0.432,0.471,1.4485,0.4515,,-0.345342245,0.1609185,,3.365740741,3.063694268
Dmel_WT,female,1.484,1.486,0.487,0.484,1.485,0.4855,,-0.313810766,0.171726454,,3.047227926,3.070247934
Dmel_WT,female,1.218,1.213,0.359,0.381,1.2155,0.37,,-0.431798276,0.084754963,,3.39275766,3.183727034
Dmel_WT,female,1.457,1.455,0.461,0.472,1.456,0.4665,,-0.331148352,0.163161375,,3.160520607,3.082627119
Dmel_WT,female,1.385,1.373,0.442,0.442,1.379,0.442,,-0.354577731,0.139564266,,3.133484163,3.106334842
Dmel_WT,female,1.481,1.479,0.466,0.425,1.48,0.4455,,-0.351152292,0.170261715,,3.178111588,3.48
Dmel_WT,female,1.451,1.446,0.453,0.47,1.4485,0.4615,,-0.335828295,0.1609185,,3.203090508,3.076595745
Dmel_WT,female,1.353,1.341,0.416,0.412,1.347,0.414,,-0.382999659,0.129367596,,3.252403846,3.254854369
Dmel_WT,female,1.478,1.471,0.462,0.486,1.4745,0.474,,-0.324221658,0.168644777,,3.199134199,3.026748971
Dmel_WT,female,1.339,1.346,0.442,0.437,1.3425,0.4395,,-0.357041121,0.127914294,,3.029411765,3.080091533
Dmel_WT,female,1.412,1.409,0.439,0.455,1.4105,0.447,,-0.349692477,0.14937309,,3.216400911,3.096703297
Dmel_WT,female,1.433,1.421,0.453,0.457,1.427,0.455,,-0.341988603,0.154423973,,3.163355408,3.10940919
Dmel_WT,female,1.423,1.433,0.452,0.466,1.428,0.459,,-0.338187314,0.154728207,,3.148230088,3.075107296
Dmel_WT,female,1.42,1.417,0.472,0.454,1.4185,0.463,,-0.334419009,0.15182934,,3.008474576,3.121145374
Dmel_WT,female,1.437,1.421,0.448,0.447,1.429,0.4475,,-0.34920696,0.155032229,,3.207589286,3.178970917
Dmel_WT,female,1.429,1.418,0.472,0.45,1.4235,0.461,,-0.336299075,0.153357471,,3.027542373,3.151111111
Dmel_WT,female,1.478,1.495,0.484,0.469,1.4865,0.4765,,-0.321937095,0.172164914,,3.053719008,3.187633262
Dmel_WT,female,1.449,1.431,0.476,0.458,1.44,0.467,,-0.330683119,0.158362492,,3.044117647,3.124454148
Dmel_WT,female,1.472,1.444,0.475,0.445,1.458,0.46,,-0.337242168,0.163757524,,3.098947368,3.24494382
Dmel_WT,female,1.422,1.425,0.465,0.473,1.4235,0.469,,-0.328827157,0.153357471,,3.058064516,3.012684989
Dmel_WT,female,1.433,1.416,0.482,0.47,1.4245,0.476,,-0.322393047,0.153662454,,2.973029046,3.012765957
Dmel_WT,female,1.361,1.378,0.459,0.424,1.3695,0.4415,,-0.355069292,0.136562037,,2.965141612,3.25
Dmel_WT,female,1.424,1.436,0.464,0.455,1.43,0.4595,,-0.337714484,0.155336037,,3.068965517,3.156043956
Dmel_WT,female,1.422,1.402,0.443,0.437,1.412,0.44,,-0.356547324,0.149834697,,3.20993228,3.208237986
Dmel_WT,female,1.421,1.418,0.435,0.461,1.4195,0.448,,-0.348721986,0.152135397,,3.266666667,3.075921909
Dmel_WT,female,1.428,1.404,0.453,0.442,1.416,0.4475,,-0.34920696,0.151063253,,3.152317881,3.176470588
Dmel_WT,female,1.163,1.182,0.376,0.346,1.1725,0.361,,-0.442492798,0.069112851,,3.093085106,3.416184971
Dmel_WT,female,1.399,1.403,0.457,0.419,1.401,0.438,,-0.358525889,0.146438135,,3.061269147,3.348448687
Dmel_WT,female,1.36,1.364,0.436,0.45,1.362,0.443,,-0.353596274,0.134177108,,3.119266055,3.031111111
Dmel_WT,female,1.467,1.489,0.482,0.472,1.478,0.477,,-0.321481621,0.169674434,,3.043568465,3.154661017
Dmel_WT,female,1.445,1.428,0.476,0.475,1.4365,0.4755,,-0.322849479,0.15730563,,3.035714286,3.006315789
Dmel_WT,female,1.442,1.448,0.466,0.452,1.445,0.459,,-0.338187314,0.159867847,,3.094420601,3.203539823
Dmel_WT,female,1.477,1.485,0.486,0.481,1.481,0.4835,,-0.315603522,0.170555059,,3.03909465,3.087318087
Dmel_WT,female,1.431,1.419,0.462,0.452,1.425,0.457,,-0.3400838,0.153814864,,3.097402597,3.139380531
Dmel_WT,female,1.425,1.407,0.432,0.447,1.416,0.4395,,-0.357041121,0.151063253,,3.298611111,3.147651007
Dmel_WT,female,1.485,1.486,0.491,0.44,1.4855,0.4655,,-0.332080315,0.171872656,,3.024439919,3.377272727
Dmel_WT,female,1.461,1.478,0.475,0.47,1.4695,0.4725,,-0.325598187,0.16716959,,3.075789474,3.144680851
Dmel_WT,female,1.453,1.453,0.483,0.464,1.453,0.4735,,-0.324680017,0.162265614,,3.008281573,3.131465517
Dmel_WT,female,1.456,1.467,0.475,0.45,1.4615,0.4625,,-0.334888263,0.16479882,,3.065263158,3.26
Dmel_WT,female,1.486,1.493,0.463,0.466,1.4895,0.4645,,-0.333014282,0.173040508,,3.20950324,3.203862661
Dmel_WT,female,1.468,1.446,0.451,0.455,1.457,0.453,,-0.343901798,0.163459552,,3.254988914,3.178021978
Dmel_WT,female,1.462,1.449,0.468,0.456,1.4555,0.462,,-0.335358024,0.16301221,,3.123931624,3.177631579
Dmel_WT,female,1.493,1.49,0.495,0.473,1.4915,0.484,,-0.315154638,0.173623258,,3.016161616,3.150105708
Dmel_WT,female,1.437,1.411,0.47,0.476,1.424,0.473,,-0.325138859,0.153509989,,3.057446809,2.964285714
Dmel_WT,female,1.447,1.452,0.477,0.465,1.4495,0.471,,-0.326979093,0.16121822,,3.033542977,3.122580645
Dmel_WT,female,1.355,1.353,0.45,0.451,1.354,0.4505,,-0.346305205,0.131618664,,3.011111111,3
Dmel_WT,female,1.454,1.437,0.473,0.475,1.4455,0.474,,-0.324221658,0.160018096,,3.073995772,3.025263158
Dmel_WT,female,1.407,1.401,0.473,0.459,1.404,0.466,,-0.331614083,0.147367108,,2.974630021,3.052287582
Dmel_WT,female,1.482,1.493,0.492,0.46,1.4875,0.476,,-0.322393047,0.172456974,,3.012195122,3.245652174
Dmel_WT,female,1.401,1.454,0.481,0.465,1.4275,0.473,,-0.325138859,0.154576117,,2.912681913,3.12688172
Dmel_WT,female,1.393,1.371,0.433,0.449,1.382,0.441,,-0.355561411,0.140508043,,3.217090069,3.053452116
Dmel_WT,female,1.428,1.421,0.471,0.451,1.4245,0.461,,-0.336299075,0.153662454,,3.031847134,3.150776053
Dmel_WT,female,1.455,1.438,0.452,0.465,1.4465,0.4585,,-0.33866066,0.160318438,,3.219026549,3.092473118
Dmel_WT,female,1.522,1.525,0.498,0.487,1.5235,0.4925,,-0.307593765,0.182842459,,3.0562249,3.131416838
Dmel_WT,female,1.332,1.345,0.441,0.444,1.3385,0.4425,,-0.354086725,0.126618376,,3.020408163,3.029279279
Dmel_WT,female,1.434,1.443,0.459,0.477,1.4385,0.468,,-0.329754147,0.157909866,,3.124183007,3.025157233
Dmel_WT,female,1.365,1.37,0.465,0.476,1.3675,0.4705,,-0.327440372,0.135927335,,2.935483871,2.878151261
Dmel_WT,female,1.414,1.41,0.471,0.47,1.412,0.4705,,-0.327440372,0.149834697,,3.002123142,3
Dmel_WT,female,1.366,1.363,0.431,0.462,1.3645,0.4465,,-0.350178537,0.13497354,,3.16937355,2.95021645
Dmel_WT,female,1.335,1.288,0.436,0.429,1.3115,0.4325,,-0.364013888,0.117768295,,3.061926606,3.002331002
Dmel_WT,female,1.384,1.392,0.446,0.453,1.388,0.4495,,-0.347270304,0.142389466,,3.103139013,3.072847682
Dmel_WT,female,1.398,1.383,0.463,0.455,1.3905,0.459,,-0.338187314,0.143170993,,3.019438445,3.03956044
Dmel_WT,female,1.278,1.286,0.405,0.397,1.282,0.401,,-0.396855627,0.107888025,,3.155555556,3.23929471
Dmel_WT,female,1.38,1.39,0.471,0.449,1.385,0.46,,-0.337242168,0.141449773,,2.929936306,3.095768374
Dmel_WT,female,1.456,1.434,0.447,0.413,1.445,0.43,,-0.366531544,0.159867847,,3.257270694,3.472154964
Dmel_WT,female,1.294,1.298,0.429,0.414,1.296,0.4215,,-0.375202421,0.112605002,,3.016317016,3.1352657
Dmel_WT,female,1.43,1.445,0.483,0.476,1.4375,0.4795,,-0.319211388,0.157607853,,2.960662526,3.035714286
Dmel_WT,female,1.368,1.365,0.45,0.444,1.3665,0.447,,-0.349692477,0.135609636,,3.04,3.074324324
Dmel_WT,female,1.437,1.437,0.466,0.47,1.437,0.468,,-0.329754147,0.157456768,,3.083690987,3.057446809
Dmel_WT,female,1.509,1.481,0.485,0.487,1.495,0.486,,-0.313363731,0.174641193,,3.111340206,3.041067762
Dmel_WT,female,1.429,1.436,0.474,0.478,1.4325,0.476,,-0.322393047,0.156094631,,3.014767932,3.0041841
Dmel_WT,female,1.459,1.453,0.481,0.487,1.456,0.484,,-0.315154638,0.163161375,,3.033264033,2.983572895
Dmel_WT,female,1.343,1.353,0.445,0.456,1.348,0.4505,,-0.346305205,0.129689892,,3.017977528,2.967105263
Dmel_WT,female,1.439,1.432,0.465,0.465,1.4355,0.465,,-0.332547047,0.157003197,,3.094623656,3.079569892
Dmel_WT,female,1.486,1.493,0.476,0.471,1.4895,0.4735,,-0.324680017,0.173040508,,3.121848739,3.16985138
Dmel_WT,female,1.443,1.454,0.463,0.458,1.4485,0.4605,,-0.336770365,0.1609185,,3.11663067,3.174672489
Dmel_WT,female,1.416,1.413,0.478,0.476,1.4145,0.477,,-0.321481621,0.150602952,,2.962343096,2.968487395
Dmel_WT,female,1.337,1.367,0.44,0.442,1.352,0.441,,-0.355561411,0.130976692,,3.038636364,3.092760181
Dmel_WT,female,1.419,1.434,0.459,0.458,1.4265,0.4585,,-0.33866066,0.154271776,,3.091503268,3.131004367
Dmel_WT,female,1.408,1.393,0.446,0.457,1.4005,0.4515,,-0.345342245,0.146283113,,3.156950673,3.048140044
Dmel_WT,female,1.334,1.337,0.423,0.388,1.3355,0.4055,,-0.392009141,0.125643892,,3.153664303,3.445876289
Dmel_WT,female,1.502,1.502,0.487,0.479,1.502,0.483,,-0.316052869,0.176669933,,3.084188912,3.135699374
Dmel_WT,female,1.448,1.459,0.491,0.467,1.4535,0.479,,-0.319664487,0.162415036,,2.949083503,3.124197002
Dmel_WT,female,1.365,1.366,0.437,0.433,1.3655,0.435,,-0.361510743,0.135291704,,3.123569794,3.154734411
Dmel_WT,female,1.46,1.445,0.462,0.465,1.4525,0.4635,,-0.333950262,0.162116141,,3.16017316,3.107526882
Dmel_WT,female,1.406,1.402,0.449,0.467,1.404,0.458,,-0.339134522,0.147367108,,3.131403118,3.002141328
Dmel_WT,female,1.442,1.437,0.471,0.476,1.4395,0.4735,,-0.324680017,0.158211669,,3.061571125,3.018907563
Dmel_WT,female,1.463,1.472,0.468,0.479,1.4675,0.4735,,-0.324680017,0.16657811,,3.126068376,3.073068894
Dmel_WT,female,1.308,1.32,0.415,0.408,1.314,0.4115,,-0.38563016,0.118595365,,3.151807229,3.235294118
Dmel_WT,female,1.237,1.224,0.387,0.407,1.2305,0.397,,-0.401209493,0.090081618,,3.196382429,3.007371007
Dmel_WT,female,1.32,1.339,0.424,0.41,1.3295,0.417,,-0.379863945,0.123688342,,3.113207547,3.265853659
Dmel_WT,female,1.458,1.448,0.448,0.457,1.453,0.4525,,-0.344381416,0.162265614,,3.254464286,3.168490153
Dmel_WT,female,1.428,1.434,0.442,0.454,1.431,0.448,,-0.348721986,0.155639634,,3.230769231,3.158590308
Dmel_WT,female,1.415,1.4,0.427,0.426,1.4075,0.4265,,-0.370080964,0.148448404,,3.31381733,3.286384977
Dmel_WT,female,1.291,1.292,0.422,0.393,1.2915,0.4075,,-0.389872387,0.111094411,,3.059241706,3.287531807
Dmel_WT,female,1.035,1.024,0.318,0.32,1.0295,0.319,,-0.496209317,0.012626351,,3.254716981,3.2
Dmel_WT,female,1.469,1.467,0.483,0.469,1.468,0.476,,-0.322393047,0.166726056,,3.041407867,3.12793177
Dmel_WT,female,1.438,1.441,0.459,0.453,1.4395,0.456,,-0.341035157,0.158211669,,3.132897603,3.181015453
Dmel_WT,female,1.425,1.45,0.46,0.445,1.4375,0.4525,,-0.344381416,0.157607853,,3.097826087,3.258426966
Dmel_WT,female,1.391,1.38,0.447,0.428,1.3855,0.4375,,-0.359021943,0.14160653,,3.111856823,3.224299065
Dmel_WT,female,1.402,1.401,0.446,0.446,1.4015,0.446,,-0.350665141,0.146593102,,3.143497758,3.141255605
Dmel_WT,female,1.347,1.348,0.426,0.431,1.3475,0.4285,,-0.368049174,0.129528774,,3.161971831,3.127610209
Dmel_WT,female,1.418,1.415,0.469,0.436,1.4165,0.4525,,-0.344381416,0.151216579,,3.023454158,3.245412844
Dmel_WT,female,1.396,1.4,0.455,0.433,1.398,0.444,,-0.35261703,0.145507171,,3.068131868,3.233256351
Dmel_WT,female,1.42,1.428,0.457,0.43,1.424,0.4435,,-0.353106376,0.153509989,,3.107221007,3.320930233
Dmel_WT,female,1.368,1.381,0.423,0.429,1.3745,0.426,,-0.370590401,0.138144744,,3.234042553,3.219114219
Dmel_WT,female,1.449,1.43,0.467,0.475,1.4395,0.471,,-0.326979093,0.158211669,,3.102783726,3.010526316
Dmel_WT,female,1.388,1.407,0.46,0.456,1.3975,0.458,,-0.339134522,0.145351817,,3.017391304,3.085526316
Dmel_WT,female,1.418,1.422,0.433,0.445,1.42,0.439,,-0.35753548,0.152288344,,3.27482679,3.195505618
Dmel_WT,female,1.352,1.325,0.444,0.432,1.3385,0.438,,-0.358525889,0.126618376,,3.045045045,3.06712963
Dmel_WT,female,1.385,1.392,0.442,0.456,1.3885,0.449,,-0.347753659,0.142545884,,3.133484163,3.052631579
Dmel_WT,female,1.337,1.33,0.437,0.439,1.3335,0.438,,-0.358525889,0.12499302,,3.059496568,3.029612756
Dmel_WT,female,1.44,1.445,0.443,0.443,1.4425,0.443,,-0.353596274,0.159115822,,3.250564334,3.261851016
Dmel_WT,female,1.428,1.421,0.464,0.433,1.4245,0.4485,,-0.348237553,0.153662454,,3.077586207,3.281755196
Dmel_WT,female,1.397,1.4,0.46,0.453,1.3985,0.4565,,-0.340559218,0.145662471,,3.036956522,3.090507726
Dmel_WT,female,1.427,1.397,0.454,0.46,1.412,0.457,,-0.3400838,0.149834697,,3.143171806,3.036956522
Dmel_WT,female,1.412,1.405,0.449,0.441,1.4085,0.445,,-0.351639989,0.148756851,,3.144766147,3.185941043
Dmel_WT,female,1.39,1.395,0.448,0.467,1.3925,0.4575,,-0.339608902,0.143795204,,3.102678571,2.987152034
Dmel_WT,female,1.487,1.502,0.427,0.488,1.4945,0.4575,,-0.339608902,0.174495919,,3.482435597,3.077868852
Dmel_WT,female,1.374,1.374,0.454,0.433,1.374,0.4435,,-0.353106376,0.137986733,,3.026431718,3.173210162
Dmel_WT,female,1.461,1.462,0.466,0.481,1.4615,0.4735,,-0.324680017,0.16479882,,3.135193133,3.03950104
Dmel_WT,female,1.311,1.308,0.415,0.428,1.3095,0.4215,,-0.375202421,0.117105503,,3.159036145,3.056074766
Dmel_WT,female,1.451,1.453,0.452,0.458,1.452,0.455,,-0.341988603,0.161966616,,3.210176991,3.172489083
Dmel_WT,female,1.455,1.47,0.45,0.476,1.4625,0.463,,-0.334419009,0.165095875,,3.233333333,3.088235294
Dmel_WT,female,1.418,1.433,0.415,0.476,1.4255,0.4455,,-0.351152292,0.153967222,,3.41686747,3.010504202
Dmel_WT,female,1.433,1.418,0.465,0.446,1.4255,0.4555,,-0.341511619,0.153967222,,3.08172043,3.179372197
Dmel_WT,female,1.346,1.335,0.436,0.423,1.3405,0.4295,,-0.367036832,0.127266818,,3.087155963,3.156028369
Dmel_WT,female,1.361,1.353,0.435,0.451,1.357,0.443,,-0.353596274,0.132579848,,3.128735632,3
Dmel_WT,female,1.397,1.404,0.449,0.414,1.4005,0.4315,,-0.3650192,0.146283113,,3.111358575,3.391304348
Dmel_WT,female,1.455,1.448,0.484,0.46,1.4515,0.472,,-0.326058001,0.16181704,,3.006198347,3.147826087
Dmel_WT,female,1.381,1.362,0.459,0.445,1.3715,0.452,,-0.344861565,0.137195812,,3.008714597,3.060674157
Dmel_WT,female,1.438,1.451,0.454,0.476,1.4445,0.465,,-0.332547047,0.159717546,,3.167400881,3.048319328
Dmel_WT,female,1.471,1.47,0.473,0.452,1.4705,0.4625,,-0.334888263,0.167465029,,3.109936575,3.252212389
Dmel_WT,female,1.453,1.462,0.479,0.47,1.4575,0.4745,,-0.323763783,0.163608563,,3.033402923,3.110638298
Dmel_WT,female,1.377,1.335,0.435,0.459,1.356,0.447,,-0.349692477,0.13225969,,3.165517241,2.908496732
Dmel_WT,female,1.478,1.459,0.451,0.449,1.4685,0.45,,-0.346787486,0.166873951,,3.277161863,3.249443207
Dmel_WT,female,1.394,1.387,0.445,0.467,1.3905,0.456,,-0.341035157,0.143170993,,3.13258427,2.970021413
Dmel_WT,female,1.379,1.4,0.458,0.449,1.3895,0.4535,,-0.343422709,0.142858551,,3.010917031,3.118040089
Dmel_WT,female,1.416,1.418,0.432,0.448,1.417,0.44,,-0.356547324,0.15136985,,3.277777778,3.165178571
Dmel_WT,female,1.478,1.46,0.461,0.466,1.469,0.4635,,-0.333950262,0.167021796,,3.206073753,3.13304721
Dmel_WT,female,1.385,1.395,0.431,0.462,1.39,0.4465,,-0.350178537,0.1430148,,3.213457077,3.019480519
Dmel_WT,female,1.401,1.427,0.464,0.452,1.414,0.458,,-0.339134522,0.150449409,,3.019396552,3.157079646
Dmel_WT,female,1.119,1.099,0.366,0.355,1.109,0.3605,,-0.443094731,0.044931546,,3.057377049,3.095774648
Dmel_WT,female,1.426,1.41,0.439,0.434,1.418,0.4365,,-0.360015752,0.151676231,,3.248291572,3.248847926
Dmel_WT,female,1.38,1.397,0.448,0.446,1.3885,0.447,,-0.349692477,0.142545884,,3.080357143,3.132286996
Dmel_WT,female,1.18,1.16,0.396,0.385,1.17,0.3905,,-0.408378962,0.068185862,,2.97979798,3.012987013
Dmel_WT,female,1.463,1.464,0.446,0.459,1.4635,0.4525,,-0.344381416,0.165392727,,3.280269058,3.189542484
Dmel_WT,female,1.422,1.415,0.448,0.434,1.4185,0.441,,-0.355561411,0.15182934,,3.174107143,3.260368664
vgQEmel,female,1.277,1.284,0.428,0.428,1.2805,0.428,,-0.368556231,0.107379583,,2.98364486,3
vgQEmel,female,1.324,1.336,0.425,0.419,1.33,0.422,,-0.374687549,0.123851641,,3.115294118,3.188544153
vgQEmel,female,1.456,1.462,0.471,0.447,1.459,0.459,,-0.338187314,0.164055292,,3.091295117,3.270693512
vgQEmel,female,1.452,1.445,0.485,0.481,1.4485,0.483,,-0.316052869,0.1609185,,2.993814433,3.004158004
vgQEmel,female,1.291,1.276,0.427,0.446,1.2835,0.4365,,-0.360015752,0.108395873,,3.023419204,2.860986547
vgQEmel,female,1.346,1.381,0.463,0.447,1.3635,0.455,,-0.341988603,0.134655142,,2.90712743,3.089485459
vgQEmel,female,1.332,1.326,0.435,0.445,1.329,0.44,,-0.356547324,0.123524981,,3.062068966,2.979775281
vgQEmel,female,1.328,1.332,0.451,0.444,1.33,0.4475,,-0.34920696,0.123851641,,2.944567627,3
vgQEmel,female,1.328,1.342,0.455,0.451,1.335,0.453,,-0.343901798,0.125481266,,2.918681319,2.975609756
vgQEmel,female,1.428,1.43,0.47,0.476,1.429,0.473,,-0.325138859,0.155032229,,3.038297872,3.004201681
vgQEmel,female,1.426,1.414,0.47,0.479,1.42,0.4745,,-0.323763783,0.152288344,,3.034042553,2.951983299
vgQEmel,female,1.299,1.299,0.437,0.446,1.299,0.4415,,-0.355069292,0.113609151,,2.972540046,2.912556054
vgQEmel,female,1.277,1.282,0.438,0.41,1.2795,0.424,,-0.372634143,0.10704029,,2.915525114,3.126829268
vgQEmel,female,1.197,1.195,0.395,0.396,1.196,0.3955,,-0.402853512,0.07773118,,3.030379747,3.017676768
vgQEmel,female,1.295,1.269,0.431,0.435,1.282,0.433,,-0.363512104,0.107888025,,3.004640371,2.917241379
vgQEmel,female,1.336,1.36,0.437,0.447,1.348,0.442,,-0.354577731,0.129689892,,3.057208238,3.042505593
vgQEmel,female,1.296,1.333,0.443,0.449,1.3145,0.446,,-0.350665141,0.11876059,,2.925507901,2.968819599
vgQEmel,female,1.362,1.364,0.463,0.468,1.363,0.4655,,-0.332080315,0.134495856,,2.941684665,2.914529915
vgQEmel,female,1.272,1.263,0.413,0.408,1.2675,0.4105,,-0.386686839,0.102947968,,3.079903148,3.095588235
vgQEmel,female,1.381,1.37,0.469,0.468,1.3755,0.4685,,-0.329290405,0.138460595,,2.9445629,2.927350427
vgQEmel,female,1.334,1.346,0.446,0.434,1.34,0.44,,-0.356547324,0.127104798,,2.99103139,3.101382488
vgQEmel,female,1.462,1.467,0.452,0.46,1.4645,0.456,,-0.341035157,0.165689376,,3.234513274,3.189130435
vgQEmel,female,1.44,1.43,0.464,0.427,1.435,0.4455,,-0.351152292,0.156851901,,3.103448276,3.348946136
vgQEmel,female,1.324,1.322,0.408,0.438,1.323,0.423,,-0.373659633,0.121559844,,3.245098039,3.01826484
vgQEmel,female,1.281,1.282,0.435,0.412,1.2815,0.4235,,-0.373146585,0.107718611,,2.944827586,3.111650485
vgQEmel,female,1.338,1.34,0.443,0.441,1.339,0.442,,-0.354577731,0.126780577,,3.020316027,3.038548753
vgQEmel,female,1.317,1.314,0.448,0.415,1.3155,0.4315,,-0.3650192,0.119090852,,2.939732143,3.16626506
vgQEmel,female,1.314,1.317,0.444,0.417,1.3155,0.4305,,-0.366026844,0.119090852,,2.959459459,3.158273381
vgQEmel,female,1.347,1.351,0.46,0.445,1.349,0.4525,,-0.344381416,0.13001195,,2.92826087,3.035955056
vgQEmel,female,1.351,1.333,0.427,0.401,1.342,0.414,,-0.382999659,0.127752516,,3.163934426,3.324189526
vgQEmel,female,1.265,1.256,0.415,0.43,1.2605,0.4225,,-0.374173287,0.10054285,,3.048192771,2.920930233
vgQEmel,female,1.338,1.354,0.459,0.456,1.346,0.4575,,-0.339608902,0.12904506,,2.91503268,2.969298246
vgQEmel,female,1.478,1.485,0.487,0.48,1.4815,0.4835,,-0.315603522,0.170701656,,3.034907598,3.09375
vgQEmel,female,1.341,1.33,0.45,0.436,1.3355,0.443,,-0.353596274,0.125643892,,2.98,3.050458716
vgQEmel,female,1.287,1.254,0.405,0.429,1.2705,0.417,,-0.379863945,0.103974669,,3.177777778,2.923076923
vgQEmel,female,1.454,1.443,0.467,0.479,1.4485,0.473,,-0.325138859,0.1609185,,3.113490364,3.012526096
vgQEmel,female,1.442,1.447,0.469,0.476,1.4445,0.4725,,-0.325598187,0.159717546,,3.074626866,3.039915966
vgQEmel,female,1.43,1.442,0.46,0.46,1.436,0.46,,-0.337242168,0.15715444,,3.108695652,3.134782609
vgQEmel,female,1.224,1.237,0.402,0.399,1.2305,0.4005,,-0.39739748,0.090081618,,3.044776119,3.100250627
vgQEmel,female,1.292,1.295,0.389,0.423,1.2935,0.406,,-0.391473966,0.111766433,,3.321336761,3.061465721
vgQEmel,female,1.318,1.338,0.446,0.422,1.328,0.434,,-0.36251027,0.123198075,,2.955156951,3.170616114
vgQEmel,female,1.452,1.444,0.466,0.48,1.448,0.473,,-0.325138859,0.160768562,,3.115879828,3.008333333
vgQEmel,female,1.426,1.422,0.474,0.463,1.424,0.4685,,-0.329290405,0.153509989,,3.008438819,3.071274298
vgQEmel,female,1.454,1.445,0.466,0.465,1.4495,0.4655,,-0.332080315,0.16121822,,3.120171674,3.107526882
vgQEmel,female,1.333,1.334,0.433,0.425,1.3335,0.429,,-0.367542708,0.12499302,,3.07852194,3.138823529
vgQEmel,female,1.382,1.379,0.452,0.458,1.3805,0.455,,-0.341988603,0.140036411,,3.057522124,3.010917031
vgQEmel,female,1.457,1.44,0.458,0.473,1.4485,0.4655,,-0.332080315,0.1609185,,3.181222707,3.044397463
vgQEmel,female,1.463,1.461,0.455,0.477,1.462,0.466,,-0.331614083,0.164947373,,3.215384615,3.062893082
vgQEmel,female,1.254,1.259,0.412,0.403,1.2565,0.4075,,-0.389872387,0.099162493,,3.04368932,3.124069479
vgQEmel,female,1.338,1.345,0.443,0.415,1.3415,0.429,,-0.367542708,0.127590677,,3.020316027,3.240963855
vgQEmel,female,1.461,1.449,0.458,0.452,1.455,0.455,,-0.341988603,0.162862993,,3.189956332,3.205752212
vgQEmel,female,1.244,1.241,0.407,0.433,1.2425,0.42,,-0.37675071,0.094296397,,3.056511057,2.866050808
vgQEmel,female,1.374,1.355,0.448,0.442,1.3645,0.445,,-0.351639989,0.13497354,,3.066964286,3.06561086
vgQEmel,female,1.377,1.394,0.448,0.445,1.3855,0.4465,,-0.350178537,0.14160653,,3.073660714,3.13258427
vgQEmel,female,1.221,1.211,0.386,0.379,1.216,0.3825,,-0.417368561,0.084933575,,3.163212435,3.19525066
vgQEmel,female,1.274,1.265,0.417,0.423,1.2695,0.42,,-0.37675071,0.103632705,,3.055155875,2.990543735
vgQEmel,female,1.358,1.377,0.453,0.443,1.3675,0.448,,-0.348721986,0.135927335,,2.997792494,3.108352144
vgQEmel,female,1.459,1.463,0.471,0.49,1.461,0.4805,,-0.318306608,0.164650216,,3.097664544,2.985714286
vgQEmel,female,1.476,1.476,0.487,0.5,1.476,0.4935,,-0.306712843,0.169086357,,3.030800821,2.952
vgQEmel,female,1.246,1.235,0.399,0.415,1.2405,0.407,,-0.390405591,0.093596769,,3.122807018,2.975903614
vgQEmel,female,1.433,1.444,0.478,0.497,1.4385,0.4875,,-0.31202538,0.157909866,,2.99790795,2.905432596
vgQEmel,female,1.447,1.446,0.497,0.486,1.4465,0.4915,,-0.308476478,0.160318438,,2.911468813,2.975308642
vgQEmel,female,1.46,1.477,0.466,0.502,1.4685,0.484,,-0.315154638,0.166873951,,3.13304721,2.942231076
vgQEmel,female,1.398,1.393,0.459,0.438,1.3955,0.4485,,-0.348237553,0.144729841,,3.045751634,3.180365297
vgQEmel,female,1.437,1.439,0.49,0.466,1.438,0.478,,-0.320572103,0.157758886,,2.932653061,3.087982833
vgQEmel,female,1.447,1.453,0.481,0.457,1.45,0.469,,-0.328827157,0.161368002,,3.008316008,3.179431072
vgQEmel,female,1.445,1.445,0.487,0.493,1.445,0.49,,-0.30980392,0.159867847,,2.967145791,2.931034483
vgQEmel,female,1.422,1.437,0.465,0.474,1.4295,0.4695,,-0.328364403,0.15518416,,3.058064516,3.03164557
vgQEmel,female,1.444,1.478,0.516,0.502,1.461,0.509,,-0.293282218,0.164650216,,2.798449612,2.944223108
vgQEmel,female,1.462,1.444,0.478,0.486,1.453,0.482,,-0.316952962,0.162265614,,3.058577406,2.971193416
vgQEmel,female,1.442,1.441,0.479,0.478,1.4415,0.4785,,-0.320118058,0.158814647,,3.010438413,3.014644351
vgQEmel,female,1.436,1.426,0.484,0.445,1.431,0.4645,,-0.333014282,0.155639634,,2.966942149,3.204494382
vgQEmel,female,1.429,1.446,0.461,0.495,1.4375,0.478,,-0.320572103,0.157607853,,3.09978308,2.921212121
vgQEmel,female,1.457,1.442,0.456,0.456,1.4495,0.456,,-0.341035157,0.16121822,,3.195175439,3.162280702
vgQEmel,female,1.437,1.453,0.429,0.468,1.445,0.4485,,-0.348237553,0.159867847,,3.34965035,3.104700855
vgQEmel,female,1.456,1.439,0.47,0.474,1.4475,0.472,,-0.326058001,0.160618572,,3.09787234,3.035864979
vgQEmel,female,1.421,1.43,0.496,0.48,1.4255,0.488,,-0.311580178,0.153967222,,2.864919355,2.979166667
vgQEmel,female,1.42,1.451,0.449,0.487,1.4355,0.468,,-0.329754147,0.157003197,,3.162583519,2.979466119
vgQEmel,female,1.439,1.44,0.468,0.478,1.4395,0.473,,-0.325138859,0.158211669,,3.074786325,3.012552301
vgQEmel,female,1.445,1.444,0.497,0.466,1.4445,0.4815,,-0.317403709,0.159717546,,2.907444668,3.098712446
vgQEmel,female,1.437,1.437,0.498,0.487,1.437,0.4925,,-0.307593765,0.157456768,,2.885542169,2.950718686
vgQEmel,female,1.461,1.441,0.491,0.473,1.451,0.482,,-0.316952962,0.161667412,,2.975560081,3.046511628
vgQEmel,female,1.4,1.426,0.478,0.473,1.413,0.4755,,-0.322849479,0.150142162,,2.928870293,3.014799154
vgQEmel,female,1.45,1.439,0.498,0.453,1.4445,0.4755,,-0.322849479,0.159717546,,2.911646586,3.176600442
vgQEmel,female,1.455,1.441,0.482,0.465,1.448,0.4735,,-0.324680017,0.160768562,,3.018672199,3.098924731
vgQEmel,female,1.405,1.4,0.487,0.466,1.4025,0.4765,,-0.321937095,0.14690287,,2.885010267,3.004291845
vgQEmel,female,1.445,1.459,0.48,0.463,1.452,0.4715,,-0.326518303,0.161966616,,3.010416667,3.151187905
vgQEmel,female,1.382,1.38,0.455,0.469,1.381,0.462,,-0.335358024,0.140193679,,3.037362637,2.942430704
vgQEmel,female,1.457,1.445,0.476,0.49,1.451,0.483,,-0.316052869,0.161667412,,3.06092437,2.948979592
vgQEmel,female,1.47,1.484,0.481,0.495,1.477,0.488,,-0.311580178,0.169380495,,3.056133056,2.997979798
vgQEmel,female,1.45,1.44,0.509,0.504,1.445,0.5065,,-0.29542055,0.159867847,,2.848722986,2.857142857
vgQEmel,female,1.413,1.423,0.454,0.461,1.418,0.4575,,-0.339608902,0.151676231,,3.112334802,3.086767896
vgQEmel,female,1.455,1.467,0.502,0.496,1.461,0.499,,-0.301899454,0.164650216,,2.898406375,2.95766129
vgQEmel,female,1.337,1.355,0.436,0.454,1.346,0.445,,-0.351639989,0.12904506,,3.066513761,2.984581498
vgQEmel,female,1.449,1.46,0.492,0.495,1.4545,0.4935,,-0.306712843,0.162713726,,2.945121951,2.949494949
vgQEmel,female,1.459,1.45,0.498,0.507,1.4545,0.5025,,-0.298863934,0.162713726,,2.929718876,2.859960552
vgQEmel,female,1.271,1.257,0.429,0.429,1.264,0.429,,-0.367542708,0.101747074,,2.962703963,2.93006993
vgQEmel,female,1.474,1.49,0.512,0.507,1.482,0.5095,,-0.292855812,0.170848204,,2.87890625,2.938856016
vgQEmel,female,1.445,1.449,0.49,0.504,1.447,0.497,,-0.303643611,0.160468531,,2.948979592,2.875
vgQEmel,female,1.441,1.432,0.477,0.491,1.4365,0.484,,-0.315154638,0.15730563,,3.020964361,2.916496945
vgQEmel,female,1.458,1.429,0.487,0.473,1.4435,0.48,,-0.318758763,0.159416788,,2.993839836,3.021141649
vgQEmel,female,1.235,1.243,0.41,0.402,1.239,0.406,,-0.391473966,0.093071306,,3.012195122,3.092039801
vgQEmel,female,1.433,1.441,0.483,0.487,1.437,0.485,,-0.314258261,0.157456768,,2.966873706,2.958932238
vgQEmel,female,1.434,1.42,0.493,0.473,1.427,0.483,,-0.316052869,0.154423973,,2.90872211,3.002114165
vgQEmel,female,1.434,1.45,0.478,0.507,1.442,0.4925,,-0.307593765,0.15896526,,3,2.859960552
vgQEmel,female,1.453,1.455,0.494,0.494,1.454,0.494,,-0.306273051,0.162564407,,2.941295547,2.94534413
vgQEmel,female,1.478,1.48,0.504,0.471,1.479,0.4875,,-0.31202538,0.169968174,,2.932539683,3.142250531
vgQEmel,female,1.474,1.457,0.493,0.465,1.4655,0.479,,-0.319664487,0.165985823,,2.989858012,3.133333333
vgQEmel,female,1.471,1.465,0.504,0.479,1.468,0.4915,,-0.308476478,0.166726056,,2.918650794,3.058455115
vgQEmel,female,1.428,1.451,0.465,0.498,1.4395,0.4815,,-0.317403709,0.158211669,,3.070967742,2.913654618
vgQEmel,female,1.436,1.466,0.469,0.465,1.451,0.467,,-0.330683119,0.161667412,,3.061833689,3.152688172
vgQEmel,female,1.429,1.424,0.489,0.488,1.4265,0.4885,,-0.311135432,0.154271776,,2.922290389,2.918032787
vgQEmel,female,1.441,1.43,0.493,0.476,1.4355,0.4845,,-0.314706219,0.157003197,,2.922920892,3.004201681
vgQEmel,female,1.429,1.459,0.498,0.515,1.444,0.5065,,-0.29542055,0.159567193,,2.869477912,2.833009709
vgQEmel,female,1.466,1.473,0.486,0.491,1.4695,0.4885,,-0.311135432,0.16716959,,3.016460905,3
vgQEmel,female,1.444,1.451,0.463,0.46,1.4475,0.4615,,-0.335828295,0.160618572,,3.118790497,3.154347826
vgQEmel,female,1.463,1.439,0.506,0.513,1.451,0.5095,,-0.292855812,0.161667412,,2.891304348,2.805068226
vgQEmel,female,1.42,1.45,0.492,0.465,1.435,0.4785,,-0.320118058,0.156851901,,2.886178862,3.11827957
vgQEmel,female,1.393,1.379,0.493,0.488,1.386,0.4905,,-0.309360988,0.14176323,,2.825557809,2.825819672
vgQEmel,female,1.391,1.386,0.463,0.463,1.3885,0.463,,-0.334419009,0.142545884,,3.004319654,2.993520518
vgQEvir,female,1.241,1.229,0.433,0.443,1.235,0.438,,-0.358525889,0.091666958,,2.866050808,2.774266366
vgQEvir,female,1.202,1.196,0.431,0.427,1.199,0.429,,-0.367542708,0.078819183,,2.788863109,2.800936768
vgQEvir,female,1.149,1.152,0.433,0.416,1.1505,0.4245,,-0.372122305,0.060886623,,2.653579677,2.769230769
vgQEvir,female,1.121,1.122,0.427,0.423,1.1215,0.425,,-0.37161107,0.049799278,,2.62529274,2.65248227
vgQEvir,female,1.37,1.334,0.458,0.434,1.352,0.446,,-0.350665141,0.130976692,,2.991266376,3.073732719
vgQEvir,female,1.341,1.334,0.486,0.453,1.3375,0.4695,,-0.328364403,0.126293791,,2.759259259,2.944812362
vgQEvir,female,1.201,1.214,0.45,0.435,1.2075,0.4425,,-0.354086725,0.081887139,,2.668888889,2.790804598
vgQEvir,female,1.281,1.282,0.441,0.42,1.2815,0.4305,,-0.366026844,0.107718611,,2.904761905,3.052380952
vgQEvir,female,1.157,1.401,0.469,0.499,1.279,0.484,,-0.315154638,0.106870544,,2.466950959,2.80761523
vgQEvir,female,1.263,1.256,0.448,0.448,1.2595,0.448,,-0.348721986,0.100198172,,2.819196429,2.803571429
vgQEvir,female,1.231,1.219,0.449,0.458,1.225,0.4535,,-0.343422709,0.088136089,,2.741648107,2.661572052
vgQEvir,female,1.263,1.237,0.427,0.445,1.25,0.436,,-0.360513511,0.096910013,,2.957845433,2.779775281
vgQEvir,female,1.164,1.166,0.408,0.438,1.165,0.423,,-0.373659633,0.066325925,,2.852941176,2.662100457
vgQEvir,female,1.139,1.16,0.431,0.421,1.1495,0.426,,-0.370590401,0.060508976,,2.642691415,2.755344418
vgQEvir,female,1.308,1.311,0.457,0.416,1.3095,0.4365,,-0.360015752,0.117105503,,2.86214442,3.151442308
vgQEvir,female,1.341,1.367,0.49,0.495,1.354,0.4925,,-0.307593765,0.131618664,,2.736734694,2.761616162
vgQEvir,female,1.244,1.251,0.455,0.43,1.2475,0.4425,,-0.354086725,0.096040554,,2.734065934,2.909302326
vgQEvir,female,1.125,1.153,0.401,0.415,1.139,0.408,,-0.389339837,0.056523724,,2.805486284,2.778313253
vgQEvir,female,1.344,1.323,0.477,0.472,1.3335,0.4745,,-0.323763783,0.12499302,,2.817610063,2.802966102
vgQEvir,female,1.326,1.312,0.453,0.426,1.319,0.4395,,-0.357041121,0.120244796,,2.927152318,3.079812207
vgQEvir,female,1.306,1.339,0.435,0.459,1.3225,0.447,,-0.349692477,0.121395681,,3.002298851,2.917211329
vgQEvir,female,1.246,1.229,0.46,0.463,1.2375,0.4615,,-0.335828295,0.092545208,,2.708695652,2.654427646
vgQEvir,female,1.243,1.241,0.436,0.453,1.242,0.4445,,-0.352128235,0.094121596,,2.850917431,2.739514349
vgQEvir,female,1.207,1.202,0.432,0.435,1.2045,0.4335,,-0.363010898,0.080806804,,2.793981481,2.763218391
vgQEvir,female,1.216,1.21,0.461,0.443,1.213,0.452,,-0.344861565,0.083860801,,2.637744035,2.731376975
vgQEvir,female,1.248,1.26,0.429,0.407,1.254,0.418,,-0.378823718,0.098297536,,2.909090909,3.095823096
vgQEvir,female,1.263,1.256,0.451,0.449,1.2595,0.45,,-0.346787486,0.100198172,,2.800443459,2.797327394
vgQEvir,female,1.281,1.245,0.415,0.434,1.263,0.4245,,-0.372122305,0.101403351,,3.086746988,2.868663594
vgQEvir,female,1.302,1.311,0.462,0.464,1.3065,0.463,,-0.334419009,0.116109414,,2.818181818,2.825431034
vgQEvir,female,1.288,1.302,0.445,0.425,1.295,0.435,,-0.361510743,0.112269768,,2.894382022,3.063529412
vgQEvir,female,1.219,1.25,0.446,0.441,1.2345,0.4435,,-0.353106376,0.091491094,,2.733183857,2.83446712
vgQEvir,female,1.251,1.22,0.443,0.431,1.2355,0.437,,-0.359518563,0.09184275,,2.823927765,2.83062645
vgQEvir,female,1.163,1.194,0.427,0.427,1.1785,0.427,,-0.369572125,0.071329587,,2.723653396,2.796252927
vgQEvir,female,1.313,1.308,0.46,0.452,1.3105,0.456,,-0.341035157,0.117437025,,2.854347826,2.89380531
vgQEvir,female,1.28,1.274,0.45,0.446,1.277,0.448,,-0.348721986,0.106190897,,2.844444444,2.856502242
vgQEvir,female,1.317,1.305,0.453,0.468,1.311,0.4605,,-0.336770365,0.117602692,,2.907284768,2.788461538
vgQEvir,female,1.181,1.188,0.411,0.432,1.1845,0.4215,,-0.375202421,0.073535065,,2.873479319,2.75
vgQEvir,female,1.179,1.205,0.443,0.449,1.192,0.446,,-0.350665141,0.076276255,,2.661399549,2.683741648
vgQEvir,female,1.138,1.133,0.405,0.421,1.1355,0.413,,-0.384049948,0.055187139,,2.809876543,2.691211401
vgQEvir,female,1.286,1.29,0.454,0.448,1.288,0.451,,-0.345823458,0.109915863,,2.832599119,2.879464286
vgQEvir,female,1.259,1.254,0.449,0.432,1.2565,0.4405,,-0.356054087,0.099162493,,2.804008909,2.902777778
vgQEvir,female,1.289,1.271,0.45,0.465,1.28,0.4575,,-0.339608902,0.10720997,,2.864444444,2.733333333
vgQEvir,female,1.241,1.257,0.436,0.426,1.249,0.431,,-0.36552273,0.096562438,,2.846330275,2.950704225
vgQEvir,female,1.302,1.297,0.457,0.476,1.2995,0.4665,,-0.331148352,0.113776284,,2.849015317,2.724789916
vgQEvir,female,1.11,1.112,0.421,0.425,1.111,0.423,,-0.373659633,0.045714059,,2.636579572,2.616470588
vgQEvir,female,1.301,1.295,0.476,0.476,1.298,0.476,,-0.322393047,0.113274692,,2.733193277,2.720588235
vgQEvir,female,1.257,1.272,0.469,0.443,1.2645,0.456,,-0.341035157,0.101918834,,2.680170576,2.871331828
vgQEvir,female,1.128,1.141,0.431,0.407,1.1345,0.419,,-0.377785977,0.0548045,,2.617169374,2.803439803
vgQEvir,female,1.219,1.237,0.445,0.439,1.228,0.442,,-0.354577731,0.089198367,,2.739325843,2.817767654
vgQEvir,female,1.18,1.199,0.432,0.445,1.1895,0.4385,,-0.358030402,0.075364446,,2.731481481,2.694382022
vgQEvir,female,1.335,1.33,0.473,0.499,1.3325,0.486,,-0.313363731,0.124667218,,2.822410148,2.665330661
vgQEvir,female,1.22,1.218,0.442,0.449,1.219,0.4455,,-0.351152292,0.086003706,,2.760180995,2.712694878
vgQEvir,female,1.334,1.316,0.494,0.476,1.325,0.485,,-0.314258261,0.122215878,,2.700404858,2.764705882
vgQEvir,female,1.26,1.259,0.44,0.457,1.2595,0.4485,,-0.348237553,0.100198172,,2.863636364,2.754923414
vgQEvir,female,1.131,1.131,0.428,0.427,1.131,0.4275,,-0.369063881,0.053462605,,2.642523364,2.648711944
vgQEvir,female,1.293,1.287,0.441,0.434,1.29,0.4375,,-0.359021943,0.11058971,,2.931972789,2.965437788
vgQEvir,female,1.408,0.638,0.47,0.475,1.023,0.4725,,-0.325598187,0.009875634,,2.995744681,1.343157895
vgQEvir,female,1.32,1.3,0.462,0.457,1.31,0.4595,,-0.337714484,0.117271296,,2.857142857,2.84463895
vgQEvir,female,1.267,1.283,0.449,0.445,1.275,0.447,,-0.349692477,0.105510185,,2.821826281,2.883146067
vgQEvir,female,1.241,1.257,0.455,0.461,1.249,0.458,,-0.339134522,0.096562438,,2.727472527,2.726681128
vgQEvir,female,1.303,1.315,0.457,0.456,1.309,0.4565,,-0.340559218,0.116939647,,2.851203501,2.88377193
vgQEvir,female,1.306,1.313,0.465,0.448,1.3095,0.4565,,-0.340559218,0.117105503,,2.808602151,2.930803571
vgQEvir,female,1.302,1.271,0.464,0.487,1.2865,0.4755,,-0.322849479,0.109409791,,2.806034483,2.609856263
vgQEvir,female,1.293,1.293,0.434,0.451,1.293,0.4425,,-0.354086725,0.111598525,,2.979262673,2.866962306
vgQEvir,female,1.305,1.29,0.463,0.464,1.2975,0.4635,,-0.333950262,0.113107367,,2.818574514,2.780172414
vgQEvir,female,1.175,1.152,0.416,0.43,1.1635,0.423,,-0.373659633,0.065766388,,2.824519231,2.679069767
vgQEvir,female,1.263,1.252,0.433,0.443,1.2575,0.438,,-0.358525889,0.099507994,,2.916859122,2.826185102
vgQEvir,female,1.346,1.349,0.451,0.457,1.3475,0.454,,-0.342944147,0.129528774,,2.984478936,2.951859956
vgQEvir,female,1.201,1.189,0.449,0.459,1.195,0.454,,-0.342944147,0.077367905,,2.674832962,2.590413943
vgQEvir,female,1.329,1.311,0.45,0.447,1.32,0.4485,,-0.348237553,0.120573931,,2.953333333,2.932885906
vgQEvir,female,1.202,1.177,0.428,0.419,1.1895,0.4235,,-0.373146585,0.075364446,,2.808411215,2.809069212
vgQEvir,female,1.305,1.296,0.459,0.469,1.3005,0.464,,-0.333482019,0.114110357,,2.843137255,2.763326226
vgQEvir,female,1.274,1.28,0.454,0.448,1.277,0.451,,-0.345823458,0.106190897,,2.806167401,2.857142857
vgQEvir,female,1.119,1.108,0.405,0.428,1.1135,0.4165,,-0.380384994,0.046690221,,2.762962963,2.588785047
vgQEvir,female,1.288,1.277,0.439,0.44,1.2825,0.4395,,-0.357041121,0.108057374,,2.933940774,2.902272727
vgQEvir,female,1.279,1.279,0.446,0.447,1.279,0.4465,,-0.350178537,0.106870544,,2.867713004,2.861297539
vgQEvir,female,1.166,1.192,0.451,0.43,1.179,0.4405,,-0.356054087,0.071513805,,2.585365854,2.772093023
vgQEvir,female,1.173,1.16,0.425,0.425,1.1665,0.425,,-0.37161107,0.066884743,,2.76,2.729411765
vgQEvir,female,1.29,1.28,0.464,0.44,1.285,0.452,,-0.344861565,0.108903128,,2.780172414,2.909090909
vgQEvir,female,1.247,1.227,0.442,0.446,1.237,0.444,,-0.35261703,0.0923697,,2.821266968,2.751121076
vgQEvir,female,1.26,1.256,0.447,0.447,1.258,0.447,,-0.349692477,0.099680641,,2.818791946,2.8098434
vgQEvir,female,1.266,1.253,0.457,0.451,1.2595,0.454,,-0.342944147,0.100198172,,2.7702407,2.77827051
vgQEvir,female,1.272,1.285,0.445,0.434,1.2785,0.4395,,-0.357041121,0.106700732,,2.858426966,2.960829493
vgQEvir,female,1.145,1.164,0.412,0.406,1.1545,0.409,,-0.388276692,0.062393937,,2.779126214,2.866995074
vgQEvir,female,1.302,1.284,0.454,0.448,1.293,0.451,,-0.345823458,0.111598525,,2.86784141,2.866071429
vgQEvir,female,1.144,1.152,0.414,0.435,1.148,0.4245,,-0.372122305,0.059941888,,2.763285024,2.648275862
vgQEvir,female,1.274,1.261,0.432,0.437,1.2675,0.4345,,-0.362010219,0.102947968,,2.949074074,2.885583524
vgQEvir,female,1.204,1.209,0.429,0.448,1.2065,0.4385,,-0.358030402,0.081527326,,2.806526807,2.698660714
vgQEvir,female,1.229,1.226,0.466,0.456,1.2275,0.461,,-0.336299075,0.089021501,,2.637339056,2.688596491
vgQEvir,female,1.262,1.249,0.447,0.446,1.2555,0.4465,,-0.350178537,0.098816717,,2.823266219,2.80044843
vgQEvir,female,1.261,1.276,0.44,0.466,1.2685,0.453,,-0.343901798,0.103290472,,2.865909091,2.738197425
vgQEvir,female,1.249,1.259,0.445,0.452,1.254,0.4485,,-0.348237553,0.098297536,,2.806741573,2.78539823
vgQEvir,female,1.254,1.255,0.459,0.451,1.2545,0.455,,-0.341988603,0.098470666,,2.732026144,2.7827051
vgQEvir,female,1.325,1.347,0.477,0.489,1.336,0.483,,-0.316052869,0.125806458,,2.777777778,2.754601227
vgQEvir,female,1.273,1.279,0.43,0.445,1.276,0.4375,,-0.359021943,0.105850674,,2.960465116,2.874157303
vgQEvir,female,1.243,1.25,0.415,0.448,1.2465,0.4315,,-0.3650192,0.095692283,,2.995180723,2.790178571
vgQEvir,female,1.338,1.343,0.471,0.464,1.3405,0.4675,,-0.330218385,0.127266818,,2.840764331,2.894396552
vgQEvir,female,1.158,1.153,0.401,0.415,1.1555,0.408,,-0.389339837,0.06276995,,2.887780549,2.778313253
vgQEvir,female,1.202,1.22,0.438,0.413,1.211,0.4255,,-0.371100436,0.083144143,,2.744292237,2.953995157
vgQEvir,female,1.143,1.135,0.411,0.426,1.139,0.4185,,-0.378304538,0.056523724,,2.781021898,2.664319249
vgQEvir,female,1.223,1.218,0.432,0.447,1.2205,0.4395,,-0.357041121,0.086537784,,2.831018519,2.724832215
vgQEvir,female,1.231,1.207,0.42,0.437,1.219,0.4285,,-0.368049174,0.086003706,,2.930952381,2.76201373
vgQEvir,female,1.269,1.266,0.445,0.46,1.2675,0.4525,,-0.344381416,0.102947968,,2.851685393,2.752173913
vgQEvir,female,1.224,1.231,0.427,0.435,1.2275,0.431,,-0.36552273,0.089021501,,2.866510539,2.829885057
vgQEvir,female,1.182,1.185,0.409,0.43,1.1835,0.4195,,-0.377268035,0.073168262,,2.88997555,2.755813953
vgQEvir,female,1.124,1.117,0.425,0.431,1.1205,0.428,,-0.368556231,0.049411861,,2.644705882,2.591647332
vgQEvir,female,1.233,1.219,0.452,0.449,1.226,0.4505,,-0.346305205,0.08849047,,2.727876106,2.714922049
vgQEvir,female,1.249,1.235,0.42,0.444,1.242,0.432,,-0.364516253,0.094121596,,2.973809524,2.781531532
vgQEvir,female,1.231,1.191,0.448,0.457,1.211,0.4525,,-0.344381416,0.083144143,,2.747767857,2.606126915
vgQEvir,female,1.233,1.231,0.431,0.437,1.232,0.434,,-0.36251027,0.090610708,,2.860788863,2.816933638
vgQEvir,female,1.214,1.209,0.441,0.429,1.2115,0.435,,-0.361510743,0.083323418,,2.752834467,2.818181818
vgQEvir,female,1.179,1.18,0.422,0.391,1.1795,0.4065,,-0.39093945,0.071697945,,2.793838863,3.017902813
vgQEvir,female,1.16,1.165,0.412,0.417,1.1625,0.4145,,-0.382475465,0.065392962,,2.815533981,2.793764988
vgQEvir,female,1.178,1.194,0.426,0.418,1.186,0.422,,-0.374687549,0.074084689,,2.765258216,2.85645933
vgQEvir,female,1.162,1.158,0.418,0.407,1.16,0.4125,,-0.384576047,0.064457989,,2.779904306,2.845208845
vgQEvir,female,1.119,1.108,0.409,0.399,1.1135,0.404,,-0.393618635,0.046690221,,2.73594132,2.776942356
vgQEvir,female,1.207,1.196,0.438,0.438,1.2015,0.438,,-0.358525889,0.079723775,,2.755707763,2.730593607
vgQEvir,female,1.251,1.244,0.44,0.443,1.2475,0.4415,,-0.355069292,0.096040554,,2.843181818,2.808126411
vgQEvir,female,1.173,1.182,0.398,0.431,1.1775,0.4145,,-0.382475465,0.070960916,,2.947236181,2.742459397
vgQEvir,female,1.255,1.281,0.453,0.462,1.268,0.4575,,-0.339608902,0.103119254,,2.770419426,2.772727273
vgQEvir,female,1.177,1.177,0.431,0.446,1.177,0.4385,,-0.358030402,0.070776463,,2.730858469,2.639013453
vgQEvir,female,1.267,1.267,0.437,0.452,1.267,0.4445,,-0.352128235,0.102776615,,2.899313501,2.803097345
vgQEvir,female,1.235,1.245,0.464,0.449,1.24,0.4565,,-0.340559218,0.093421685,,2.661637931,2.772828508
vgQEvir,female,1.241,1.235,0.442,0.458,1.238,0.45,,-0.346787486,0.092720645,,2.807692308,2.69650655
vgQEvir,female,1.201,1.204,0.449,0.437,1.2025,0.443,,-0.353596274,0.080085085,,2.674832962,2.755148741
vgQEvir,female,1.239,1.219,0.458,0.454,1.229,0.456,,-0.341035157,0.089551883,,2.705240175,2.685022026
vgQEvir,female,1.185,1.165,0.432,0.43,1.175,0.431,,-0.36552273,0.070037867,,2.743055556,2.709302326
vgQEvir,female,1.157,1.146,0.413,0.427,1.1515,0.42,,-0.37675071,0.061263942,,2.801452785,2.683840749
Dvir_WT,female,1.553,1.554,0.6134,0.6122,1.5535,0.6128,,-0.212681243,0.191311258,,2.531790023,2.538386148
Dvir_WT,female,1.622,1.6384,0.6321,0.6237,1.6302,0.6279,,-0.202109517,0.212240889,,2.566049676,2.62690396
Dvir_WT,female,1.583,1.592,0.5953,0.5816,1.5875,0.58845,,-0.230290433,0.200713734,,2.659163447,2.737276479
Dvir_WT,female,1.544,1.5481,0.5546,0.5499,1.54605,0.55225,,-0.257864275,0.189223535,,2.78398846,2.815239134
Dvir_WT,female,1.5951,1.593,0.6209,0.6141,1.59405,0.6175,,-0.209363038,0.20250194,,2.569012723,2.594040059
Dvir_WT,female,1.635,1.6116,0.5836,0.5933,1.6233,0.58845,,-0.230290433,0.210398789,,2.801576422,2.716332378
Dvir_WT,female,1.548,1.554,0.5313,0.5253,1.551,0.5283,,-0.277119389,0.190611798,,2.913608131,2.958309537
Dvir_WT,female,1.43,1.431,0.563,0.574,1.4305,0.5685,,-0.245269531,0.155487862,,2.539964476,2.493031359
Dvir_WT,female,1.374,1.362,0.557,0.527,1.368,0.542,,-0.266000713,0.136086097,,2.466786355,2.584440228
Dvir_WT,female,1.37,1.404,0.558,0.57,1.387,0.564,,-0.248720896,0.142076461,,2.455197133,2.463157895
Dvir_WT,female,1.409,1.382,0.559,0.541,1.3955,0.55,,-0.259637311,0.144729841,,2.520572451,2.554528651
Dvir_WT,female,1.343,1.336,0.544,0.5,1.3395,0.522,,-0.282329497,0.126942718,,2.46875,2.672
Dvir_WT,female,1.387,1.375,0.579,0.579,1.381,0.579,,-0.237321436,0.140193679,,2.395509499,2.374784111
Dvir_WT,female,1.289,1.325,0.533,0.529,1.307,0.531,,-0.274905479,0.116275588,,2.418386492,2.504725898
Dvir_WT,female,1.31,1.302,0.517,0.513,1.306,0.515,,-0.288192771,0.115943177,,2.53384913,2.538011696
Dvir_WT,female,1.4,1.39,0.542,0.537,1.395,0.5395,,-0.268008551,0.144574208,,2.58302583,2.588454376
Dvir_WT,female,1.358,1.371,0.547,0.553,1.3645,0.55,,-0.259637311,0.13497354,,2.482632541,2.47920434
Dvir_WT,female,1.264,1.276,0.521,0.5,1.27,0.5105,,-0.292004254,0.103803721,,2.426103647,2.552
Dvir_WT,female,1.361,1.384,0.558,0.543,1.3725,0.5505,,-0.259242677,0.137512353,,2.4390681,2.548802947
Dvir_WT,female,1.323,1.307,0.529,0.521,1.315,0.525,,-0.279840697,0.118925753,,2.50094518,2.508637236
Dvir_WT,female,1.291,1.305,0.511,0.499,1.298,0.505,,-0.296708622,0.113274692,,2.526418787,2.615230461
Dvir_WT,female,1.352,1.343,0.516,0.537,1.3475,0.5265,,-0.278601624,0.129528774,,2.620155039,2.500931099
Dvir_WT,female,1.268,1.204,0.558,0.547,1.236,0.5525,,-0.257667718,0.092018471,,2.272401434,2.201096892
Dvir_WT,female,1.36,1.373,0.558,0.584,1.3665,0.571,,-0.243363892,0.135609636,,2.437275986,2.351027397
Dvir_WT,female,1.347,1.305,0.531,0.529,1.326,0.53,,-0.27572413,0.122543524,,2.536723164,2.466918715
Dvir_WT,female,1.37,1.375,0.557,0.517,1.3725,0.537,,-0.270025714,0.137512353,,2.459605027,2.659574468
Dvir_WT,female,1.376,1.394,0.551,0.568,1.385,0.5595,,-0.252199909,0.141449773,,2.497277677,2.454225352
Dvir_WT,female,1.28,1.263,0.51,0.51,1.2715,0.51,,-0.292429824,0.104316365,,2.509803922,2.476470588
Dvir_WT,female,1.315,1.296,0.522,0.504,1.3055,0.513,,-0.289882635,0.115776876,,2.519157088,2.571428571
Dvir_WT,female,1.385,1.369,0.55,0.542,1.377,0.546,,-0.262807357,0.13893394,,2.518181818,2.525830258
Dvir_WT,female,1.372,1.375,0.511,0.527,1.3735,0.519,,-0.284832642,0.137828664,,2.684931507,2.609108159
Dvir_WT,female,1.255,1.29,0.505,0.53,1.2725,0.5175,,-0.286089646,0.104657791,,2.485148515,2.433962264
Dvir_WT,female,1.311,1.326,0.527,0.533,1.3185,0.53,,-0.27572413,0.120080134,,2.487666034,2.487804878
Dvir_WT,female,1.411,1.41,0.53,0.502,1.4105,0.516,,-0.287350298,0.14937309,,2.662264151,2.80876494
Dvir_WT,female,1.315,1.325,0.507,0.475,1.32,0.491,,-0.308918508,0.120573931,,2.593688363,2.789473684
Dvir_WT,female,1.303,1.231,0.542,0.505,1.267,0.5235,,-0.281083314,0.102776615,,2.404059041,2.437623762
Dvir_WT,female,1.317,1.339,0.533,0.529,1.328,0.531,,-0.274905479,0.123198075,,2.470919325,2.531190926
Dvir_WT,female,1.417,1.415,0.547,0.571,1.416,0.559,,-0.252588192,0.151063253,,2.590493601,2.478108581
Dvir_WT,female,1.256,1.252,0.507,0.503,1.254,0.505,,-0.296708622,0.098297536,,2.477317554,2.489065606
Dvir_WT,female,1.268,1.256,0.497,0.511,1.262,0.504,,-0.297569464,0.101059355,,2.551307847,2.457925636
Dvir_WT,female,1.443,1.432,0.57,0.574,1.4375,0.572,,-0.242603971,0.157607853,,2.531578947,2.494773519
Dvir_WT,female,1.397,1.394,0.532,0.549,1.3955,0.5405,,-0.267204302,0.144729841,,2.62593985,2.539162113
Dvir_WT,female,1.405,1.388,0.559,0.561,1.3965,0.56,,-0.251811973,0.14504094,,2.513416816,2.474153298
Dvir_WT,female,1.391,1.402,0.567,0.554,1.3965,0.5605,,-0.251424383,0.14504094,,2.453262787,2.530685921
Dvir_WT,female,1.493,1.478,0.608,0.58,1.4855,0.594,,-0.226213555,0.171872656,,2.455592105,2.548275862
Dvir_WT,female,1.521,1.483,0.585,0.614,1.502,0.5995,,-0.222210813,0.176669933,,2.6,2.415309446
Dvir_WT,female,1.479,1.506,0.58,0.623,1.4925,0.6015,,-0.220764368,0.17391434,,2.55,2.417335474
Dvir_WT,female,1.511,1.446,0.604,0.588,1.4785,0.596,,-0.22475374,0.169821329,,2.501655629,2.459183673
Dvir_WT,female,1.542,1.532,0.596,0.593,1.537,0.5945,,-0.225848141,0.186673867,,2.587248322,2.583473862
Dvir_WT,female,1.54,1.515,0.621,0.601,1.5275,0.611,,-0.21395879,0.183981219,,2.479871176,2.520798669
Dvir_WT,female,1.474,1.482,0.601,0.596,1.478,0.5985,,-0.222935845,0.169674434,,2.452579035,2.486577181
Dvir_WT,female,1.433,1.453,0.591,0.576,1.443,0.5835,,-0.23395914,0.159266331,,2.424703892,2.522569444
Dvir_WT,female,1.428,1.406,0.557,0.561,1.417,0.559,,-0.252588192,0.15136985,,2.563734291,2.506238859
Dvir_WT,female,1.36,1.38,0.58,0.529,1.37,0.5545,,-0.25609845,0.136720567,,2.344827586,2.608695652
Dvir_WT,female,1.434,1.439,0.568,0.549,1.4365,0.5585,,-0.252976823,0.15730563,,2.524647887,2.621129326
Dvir_WT,female,1.271,1.259,0.523,0.513,1.265,0.518,,-0.28567024,0.102090526,,2.430210325,2.454191033
Dvir_WT,female,1.309,1.332,0.562,0.569,1.3205,0.5655,,-0.247567391,0.120738406,,2.329181495,2.340949033
Dvir_WT,female,1.283,1.31,0.525,0.522,1.2965,0.5235,,-0.281083314,0.112772521,,2.443809524,2.509578544
Dvir_WT,female,1.313,1.35,0.577,0.539,1.3315,0.558,,-0.253365801,0.124341171,,2.275563258,2.504638219
Dvir_WT,female,1.355,1.322,0.532,0.543,1.3385,0.5375,,-0.269621531,0.126618376,,2.546992481,2.434622468
Dvir_WT,female,1.256,1.277,0.51,0.523,1.2665,0.5165,,-0.286929674,0.102605194,,2.462745098,2.4416826
Dvir_WT,female,1.465,1.484,0.58,0.598,1.4745,0.589,,-0.229884705,0.168644777,,2.525862069,2.481605351
Dvir_WT,female,1.334,1.331,0.531,0.503,1.3325,0.517,,-0.286509457,0.124667218,,2.512241055,2.64612326
Dvir_WT,female,1.337,1.365,0.528,0.547,1.351,0.5375,,-0.269621531,0.130655349,,2.53219697,2.495429616
Dvir_WT,female,1.313,1.323,0.539,0.542,1.318,0.5405,,-0.267204302,0.11991541,,2.435992579,2.44095941
Dvir_WT,female,1.486,1.495,0.587,0.613,1.4905,0.6,,-0.22184875,0.17333198,,2.531516184,2.438825449
Dvir_WT,female,1.488,1.492,0.554,0.548,1.49,0.551,,-0.258848401,0.173186268,,2.685920578,2.722627737
Dvir_WT,female,1.322,1.346,0.551,0.527,1.334,0.539,,-0.268411235,0.12515583,,2.399274047,2.554079696
Dvir_WT,female,1.513,1.52,0.59,0.563,1.5165,0.5765,,-0.239200688,0.180842415,,2.56440678,2.69982238
Dvir_WT,female,1.351,1.327,0.539,0.552,1.339,0.5455,,-0.263205245,0.126780577,,2.506493506,2.403985507
Dvir_WT,female,1.409,1.449,0.583,0.588,1.429,0.5855,,-0.232473101,0.155032229,,2.416809605,2.464285714
Dvir_WT,female,1.529,1.531,0.602,0.588,1.53,0.595,,-0.225483034,0.184691431,,2.53986711,2.603741497
Dvir_WT,female,1.398,1.367,0.572,0.552,1.3825,0.562,,-0.250263684,0.14066514,,2.444055944,2.476449275
Dvir_WT,female,1.389,1.416,0.571,0.534,1.4025,0.5525,,-0.257667718,0.14690287,,2.432574431,2.651685393
Dvir_WT,female,1.413,1.428,0.566,0.55,1.4205,0.558,,-0.253365801,0.152441238,,2.496466431,2.596363636
Dvir_WT,female,1.502,1.496,0.582,0.602,1.499,0.592,,-0.227678293,0.175801633,,2.580756014,2.485049834
Dvir_WT,female,1.457,1.464,0.571,0.547,1.4605,0.559,,-0.252588192,0.164501561,,2.551663748,2.676416819
Dvir_WT,female,1.311,1.294,0.506,0.511,1.3025,0.5085,,-0.293709043,0.114777732,,2.590909091,2.532289628
Dvir_WT,female,1.256,1.239,0.511,0.522,1.2475,0.5165,,-0.286929674,0.096040554,,2.457925636,2.373563218
Dvir_WT,female,1.376,1.361,0.534,0.545,1.3685,0.5395,,-0.268008551,0.136244802,,2.576779026,2.497247706
Dvir_WT,female,1.364,1.379,0.573,0.546,1.3715,0.5595,,-0.252199909,0.137195812,,2.380453752,2.525641026
Dvir_WT,female,1.427,1.467,0.527,0.507,1.447,0.517,,-0.286509457,0.160468531,,2.707779886,2.893491124
Dvir_WT,female,1.351,1.338,0.574,0.555,1.3445,0.5645,,-0.248336054,0.128560807,,2.353658537,2.410810811
Dvir_WT,female,1.405,1.391,0.569,0.554,1.398,0.5615,,-0.250650239,0.145507171,,2.469244288,2.510830325
Dvir_WT,female,1.349,1.341,0.56,0.557,1.345,0.5585,,-0.252976823,0.128722284,,2.408928571,2.407540395
Dvir_WT,female,1.478,1.457,0.574,0.572,1.4675,0.573,,-0.241845378,0.16657811,,2.574912892,2.547202797
Dvir_WT,female,1.518,1.528,0.584,0.574,1.523,0.579,,-0.237321436,0.182699903,,2.599315068,2.662020906
Dvir_WT,female,1.529,1.562,0.636,0.576,1.5455,0.606,,-0.217527376,0.189069009,,2.40408805,2.711805556
Dvir_WT,female,1.524,1.494,0.578,0.542,1.509,0.56,,-0.251811973,0.17868924,,2.636678201,2.756457565
Dvir_WT,female,1.422,1.436,0.563,0.613,1.429,0.588,,-0.230622674,0.155032229,,2.525754885,2.342577488
Dvir_WT,female,1.397,1.394,0.538,0.53,1.3955,0.534,,-0.272458743,0.144729841,,2.596654275,2.630188679
Dvir_WT,female,1.379,1.403,0.57,0.579,1.391,0.5745,,-0.240709967,0.14332713,,2.419298246,2.423143351
Dvir_WT,female,1.534,1.538,0.558,0.593,1.536,0.5755,,-0.239954672,0.186391216,,2.749103943,2.593591906
Dvir_WT,female,1.436,1.463,0.588,0.58,1.4495,0.584,,-0.233587153,0.16121822,,2.442176871,2.522413793
Dvir_WT,female,1.503,1.504,0.551,0.589,1.5035,0.57,,-0.244125144,0.177103432,,2.727767695,2.553480475
Dvir_WT,female,1.289,1.293,0.521,0.536,1.291,0.5285,,-0.276955008,0.110926242,,2.474088292,2.412313433
Dvir_WT,female,1.354,1.336,0.535,0.513,1.345,0.524,,-0.280668713,0.128722284,,2.530841121,2.604288499
Dvir_WT,female,1.267,1.273,0.49,0.49,1.27,0.49,,-0.30980392,0.103803721,,2.585714286,2.597959184
Dvir_WT,female,1.229,1.29,0.533,0.505,1.2595,0.519,,-0.284832642,0.100198172,,2.305816135,2.554455446
Dvir_WT,female,1.392,1.379,0.527,0.565,1.3855,0.546,,-0.262807357,0.14160653,,2.641366224,2.440707965
Dvir_WT,female,1.299,1.294,0.538,0.555,1.2965,0.5465,,-0.262409834,0.112772521,,2.414498141,2.331531532
Dvir_WT,female,1.392,1.406,0.549,0.559,1.399,0.554,,-0.256490235,0.145817714,,2.535519126,2.515205725
Dvir_WT,female,1.377,1.348,0.561,0.556,1.3625,0.5585,,-0.252976823,0.134336511,,2.454545455,2.424460432
Dvir_WT,female,1.391,1.412,0.563,0.558,1.4015,0.5605,,-0.251424383,0.146593102,,2.470692718,2.53046595
Dvir_WT,female,1.307,1.32,0.512,0.525,1.3135,0.5185,,-0.285251239,0.118430077,,2.552734375,2.514285714
Dvir_WT,female,1.389,1.373,0.538,0.542,1.381,0.54,,-0.26760624,0.140193679,,2.581784387,2.533210332
Dvir_WT,female,1.301,1.294,0.534,0.519,1.2975,0.5265,,-0.278601624,0.113107367,,2.436329588,2.493256262
Dvir_WT,female,1.377,1.374,0.552,0.555,1.3755,0.5535,,-0.256882375,0.138460595,,2.494565217,2.475675676
Dvir_WT,female,1.484,1.46,0.56,0.579,1.472,0.5695,,-0.244506272,0.16790781,,2.65,2.521588946
Dvir_WT,female,1.347,1.366,0.531,0.537,1.3565,0.534,,-0.272458743,0.132419798,,2.536723164,2.543761639
Dvir_WT,female,1.261,1.239,0.483,0.497,1.25,0.49,,-0.30980392,0.096910013,,2.610766046,2.492957746
Dvir_WT,female,1.287,1.296,0.505,0.493,1.2915,0.499,,-0.301899454,0.111094411,,2.548514851,2.628803245
Dvir_WT,female,1.506,1.508,0.587,0.573,1.507,0.58,,-0.236572006,0.178113252,,2.565587734,2.631762653
Dvir_WT,female,1.376,1.407,0.552,0.569,1.3915,0.5605,,-0.251424383,0.143483211,,2.492753623,2.472759227
Dvir_WT,female,1.305,1.306,0.503,0.52,1.3055,0.5115,,-0.291154362,0.115776876,,2.5944334,2.511538462
Dvir_WT,female,1.427,1.429,0.576,0.58,1.428,0.578,,-0.238072162,0.154728207,,2.477430556,2.463793103
Dvir_WT,female,1.281,1.282,0.529,0.529,1.2815,0.529,,-0.276544328,0.107718611,,2.421550095,2.423440454
Dvir_WT,female,1.347,1.337,0.54,0.524,1.342,0.532,,-0.274088368,0.127752516,,2.494444444,2.551526718
Dvir_WT,female,1.435,1.411,0.57,0.556,1.423,0.563,,-0.249491605,0.1532049,,2.51754386,2.537769784
Dvir_WT,female,1.364,1.37,0.543,0.527,1.367,0.535,,-0.271646218,0.135768515,,2.511970534,2.599620493
Dvir_WT,female,1.344,1.332,0.525,0.522,1.338,0.5235,,-0.281083314,0.126456113,,2.56,2.551724138
Dvir_WT,female,1.136,1.143,0.481,0.47,1.1395,0.4755,,-0.322849479,0.05671433,,2.361746362,2.431914894
Dvir_WT,female,1.35,1.338,0.528,0.537,1.344,0.5325,,-0.273680388,0.128399269,,2.556818182,2.491620112
Dvir_WT,female,1.345,1.348,0.551,0.535,1.3465,0.543,,-0.26520017,0.129206358,,2.441016334,2.519626168
Dvir_WT,female,1.444,1.446,0.552,0.57,1.445,0.561,,-0.251037139,0.159867847,,2.615942029,2.536842105
Dvir_WT,female,1.317,1.314,0.508,0.531,1.3155,0.5195,,-0.284414448,0.119090852,,2.592519685,2.474576271
Dvir_WT,female,1.334,1.332,0.524,0.535,1.333,0.5295,,-0.276134036,0.124830149,,2.545801527,2.489719626
Dvir_WT,female,1.32,1.323,0.529,0.515,1.3215,0.522,,-0.282329497,0.121067167,,2.495274102,2.568932039
Dvir_WT,female,1.374,1.367,0.542,0.555,1.3705,0.5485,,-0.260823368,0.13687904,,2.535055351,2.463063063
Dvir_WT,female,1.3,1.317,0.523,0.523,1.3085,0.523,,-0.281498311,0.116773727,,2.485659656,2.518164436
Dvir_WT,female,1.304,1.292,0.534,0.51,1.298,0.522,,-0.282329497,0.113274692,,2.441947566,2.533333333
Dvir_WT,female,1.498,1.485,0.604,0.594,1.4915,0.599,,-0.222573178,0.173623258,,2.48013245,2.5
Dvir_WT,female,1.455,1.433,0.569,0.57,1.444,0.5695,,-0.244506272,0.159567193,,2.55711775,2.514035088
Dvir_WT,female,1.364,1.367,0.516,0.537,1.3655,0.5265,,-0.278601624,0.135291704,,2.643410853,2.545623836
Dvir_WT,female,1.17,1.161,0.465,0.467,1.1655,0.466,,-0.331614083,0.066512278,,2.516129032,2.48608137
Dvir_WT,female,1.343,1.332,0.526,0.535,1.3375,0.5305,,-0.275314612,0.126293791,,2.553231939,2.489719626
Dvir_WT,female,1.346,1.321,0.527,0.525,1.3335,0.526,,-0.279014256,0.12499302,,2.554079696,2.516190476
Dvir_WT,female,1.296,1.302,0.516,0.499,1.299,0.5075,,-0.294563953,0.113609151,,2.511627907,2.609218437
Dvir_WT,female,1.384,1.385,0.571,0.557,1.3845,0.564,,-0.248720896,0.14129296,,2.423817863,2.486535009
Dvir_WT,female,1.354,1.362,0.548,0.526,1.358,0.537,,-0.270025714,0.13289977,,2.47080292,2.589353612
Dvir_WT,female,1.268,1.259,0.523,0.514,1.2635,0.5185,,-0.285251239,0.101575246,,2.424474187,2.449416342
Dvir_WT,female,1.397,1.424,0.555,0.57,1.4105,0.5625,,-0.249877473,0.14937309,,2.517117117,2.498245614
Dvir_WT,female,1.286,1.319,0.532,0.501,1.3025,0.5165,,-0.286929674,0.114777732,,2.417293233,2.632734531
Dvir_WT,female,1.24,1.226,0.501,0.507,1.233,0.504,,-0.297569464,0.090963077,,2.4750499,2.418145957
Dvir_WT,female,1.44,1.444,0.566,0.564,1.442,0.565,,-0.247951552,0.15896526,,2.544169611,2.560283688
Dvir_WT,female,1.386,1.358,0.54,0.537,1.372,0.5385,,-0.268814292,0.137354111,,2.566666667,2.52886406
Dvir_WT,female,1.389,1.382,0.564,0.565,1.3855,0.5645,,-0.248336054,0.14160653,,2.462765957,2.446017699
Dvir_WT,female,1.209,1.241,0.502,0.494,1.225,0.498,,-0.302770657,0.088136089,,2.408366534,2.512145749
Dvir_WT,female,1.402,1.364,0.539,0.552,1.383,0.5455,,-0.263205245,0.14082218,,2.601113173,2.471014493
Dvir_WT,female,1.432,1.402,0.569,0.567,1.417,0.568,,-0.245651664,0.15136985,,2.516695958,2.472663139
Dvir_WT,female,1.359,1.362,0.566,0.55,1.3605,0.558,,-0.253365801,0.133698546,,2.401060071,2.476363636
Dvir_WT,female,1.252,1.23,0.515,0.503,1.241,0.509,,-0.293282218,0.093771781,,2.431067961,2.445328032
Dvir_WT,female,1.303,1.357,0.548,0.557,1.33,0.5525,,-0.257667718,0.123851641,,2.377737226,2.436265709
Dvir_WT,female,1.46,1.466,0.557,0.571,1.463,0.564,,-0.248720896,0.165244326,,2.621184919,2.567425569
Dvir_WT,female,1.368,1.37,0.526,0.549,1.369,0.5375,,-0.269621531,0.136403448,,2.600760456,2.495446266
Dvir_WT,female,1.19,1.2,0.481,0.502,1.195,0.4915,,-0.308476478,0.077367905,,2.474012474,2.390438247
