specie,sex,wing_1,wing_2,tibia_1,tibia_2,mean_wing,mean_tibia,evolution,ratio_lw_lt,ratio_rw_rt,,,,log_tibia,log_wing
Dmel,female,1.442,1.442,0.4361,0.4176,1.442,0.42685,A,3.306581059,3.453065134,,,,-0.369724714,0.15896526
Dmel,female,1.568,1.574,0.4818,0.4955,1.571,0.48865,A,3.254462433,3.176589304,,,,-0.311002097,0.196176185
Dmel,female,1.586,1.583,0.4976,0.5015,1.5845,0.49955,A,3.187299035,3.156530409,,,,-0.301421037,0.199892244
Dmel,female,1.503,1.502,0.4543,0.4576,1.5025,0.45595,A,3.308386529,3.282342657,,,,-0.34108278,0.176814481
Dmel,female,1.411,1.42,0.4335,0.4338,1.4155,0.43365,A,3.254901961,3.273397879,,,,-0.362860649,0.150909874
Dmel,female,1.554,1.564,0.4698,0.4869,1.559,0.47835,A,3.307790549,3.212158554,,,,-0.320254222,0.192846115
Dmel,female,1.6,1.61,0.4993,0.4928,1.605,0.49605,A,3.204486281,3.267045455,,,,-0.304474546,0.205475037
Dmel,female,1.523,1.532,0.4761,0.4627,1.5275,0.4694,A,3.198907792,3.311000648,,,,-0.328456915,0.183981219
Dmel,female,1.442,1.423,0.4392,0.4271,1.4325,0.43315,A,3.283242259,3.331772419,,,,-0.363361681,0.156094631
Dmel,female,1.46,1.473,0.4636,0.4612,1.4665,0.4624,A,3.149266609,3.193842151,,,,-0.334982175,0.166282067
Dmel,female,1.54,1.553,0.489,0.4627,1.5465,0.47585,A,3.149284254,3.356386427,,,,-0.322529926,0.189349924
Dmel,female,1.539,1.515,0.4792,0.4815,1.527,0.48035,A,3.211602671,3.146417445,,,,-0.318442205,0.183839037
Dmel,female,1.5523,1.546,0.4894,0.4773,1.54915,0.48335,A,3.171843073,3.239053006,,,,-0.315738277,0.190093471
Dmel,female,1.575,1.572,0.4839,0.4914,1.5735,0.48765,A,3.254804712,3.199023199,,,,-0.311891771,0.196866747
Dmel,female,1.6,1.582,0.5036,0.4959,1.591,0.49975,A,3.177124702,3.190159306,,,,-0.301247197,0.20167018
Dmel,female,1.522,1.516,0.463,0.4729,1.519,0.46795,A,3.287257019,3.205751745,,,,-0.329800548,0.181557774
Dmel,female,1.563,1.562,0.4843,0.4887,1.5625,0.4865,A,3.227338427,3.196234909,,,,-0.312917155,0.193820026
Dmel,female,1.577,1.6,0.485,0.4897,1.5885,0.48735,A,3.251546392,3.267306514,,,,-0.31215903,0.200987219
Dmel,female,1.547,1.548,0.4584,0.4792,1.5475,0.4688,A,3.37478185,3.230383973,,,,-0.329012397,0.189630658
Dmel,female,1.431,1.443,0.4351,0.4475,1.437,0.4413,A,3.288899104,3.224581006,,,,-0.355266073,0.157456768
Dmel,female,1.228,1.238,0.39,0.396,1.233,0.393,A,3.148717949,3.126262626,,,,-0.40560745,0.090963077
Dmel,female,1.147,1.157,0.364,0.367,1.152,0.3655,A,3.151098901,3.152588556,,,,-0.437112619,0.061452479
Dmel,female,1.454,1.443,0.465,0.456,1.4485,0.4605,A,3.12688172,3.164473684,,,,-0.336770365,0.1609185
Dmel,female,1.351,1.341,0.431,0.434,1.346,0.4325,A,3.134570766,3.089861751,,,,-0.364013888,0.12904506
Dmel,female,1.486,1.501,0.484,0.491,1.4935,0.4875,A,3.070247934,3.057026477,,,,-0.31202538,0.174205227
Dmel,female,1.414,1.506,0.468,0.448,1.46,0.458,A,3.021367521,3.361607143,,,,-0.339134522,0.164352856
Dmel,female,1.467,1.463,0.475,0.485,1.465,0.48,A,3.088421053,3.016494845,,,,-0.318758763,0.165837625
Dmel,female,1.384,1.375,0.438,0.446,1.3795,0.442,A,3.159817352,3.082959641,,,,-0.354577731,0.139721705
Dmel,female,1.277,1.311,0.425,0.41,1.294,0.4175,A,3.004705882,3.197560976,,,,-0.37934352,0.111934276
Dmel,female,1.475,1.469,0.499,0.46,1.472,0.4795,A,2.955911824,3.193478261,,,,-0.319211388,0.16790781
Dmel,female,1.428,1.417,0.475,0.447,1.4225,0.461,A,3.006315789,3.170022371,,,,-0.336299075,0.153052275
Dmel,female,1.331,1.318,0.426,0.432,1.3245,0.429,A,3.124413146,3.050925926,,,,-0.367542708,0.122051963
Dmel,female,1.451,1.445,0.471,0.445,1.448,0.458,A,3.080679406,3.247191011,,,,-0.339134522,0.160768562
Dmel,female,1.471,1.455,0.469,0.457,1.463,0.463,A,3.136460554,3.18380744,,,,-0.334419009,0.165244326
Dmel,female,1.349,1.342,0.432,0.448,1.3455,0.44,A,3.122685185,2.995535714,,,,-0.356547324,0.128883702
Dmel,female,1.41,1.422,0.462,0.456,1.416,0.459,A,3.051948052,3.118421053,,,,-0.338187314,0.151063253
Dmel,female,1.195,1.226,0.392,0.397,1.2105,0.3945,A,3.048469388,3.088161209,,,,-0.403952992,0.082964794
Dmel,female,1.514,1.492,0.468,0.48,1.503,0.474,A,3.235042735,3.108333333,,,,-0.324221658,0.176958981
Dmel,female,1.491,1.489,0.473,0.46,1.49,0.4665,A,3.152219873,3.236956522,,,,-0.331148352,0.173186268
Dmel,female,1.449,1.386,0.476,0.467,1.4175,0.4715,A,3.044117647,2.967880086,,,,-0.326518303,0.151523068
Dmel,female,1.268,1.278,0.401,0.41,1.273,0.4055,A,3.162094763,3.117073171,,,,-0.392009141,0.104828404
Dmel,female,1.459,1.468,0.468,0.443,1.4635,0.4555,A,3.117521368,3.313769752,,,,-0.341511619,0.165392727
Dmel,female,1.491,1.468,0.486,0.491,1.4795,0.4885,A,3.067901235,2.989816701,,,,-0.311135432,0.170114969
Dmel,female,1.46,1.472,0.471,0.477,1.466,0.474,A,3.099787686,3.085953878,,,,-0.324221658,0.16613397
Dmel,female,1.499,1.506,0.481,0.481,1.5025,0.481,A,3.116424116,3.130977131,,,,-0.317854924,0.176814481
Dmel,female,1.37,1.389,0.461,0.45,1.3795,0.4555,A,2.971800434,3.086666667,,,,-0.341511619,0.139721705
Dmel,female,1.223,1.251,0.387,0.394,1.237,0.3905,A,3.160206718,3.175126904,,,,-0.408378962,0.0923697
Dmel,female,1.283,1.296,0.417,0.436,1.2895,0.4265,A,3.076738609,2.972477064,,,,-0.370080964,0.110421346
Dmel,female,1.413,1.428,0.454,0.488,1.4205,0.471,A,3.112334802,2.926229508,,,,-0.326979093,0.152441238
Dmel,female,1.351,1.474,0.462,0.491,1.4125,0.4765,A,2.924242424,3.00203666,,,,-0.321937095,0.149988456
Dmel,female,1.434,1.44,0.456,0.458,1.437,0.457,A,3.144736842,3.144104803,,,,-0.3400838,0.157456768
Dmel,female,1.464,1.457,0.471,0.462,1.4605,0.4665,A,3.108280255,3.153679654,,,,-0.331148352,0.164501561
Dmel,female,1.446,1.451,0.45,0.459,1.4485,0.4545,A,3.213333333,3.161220044,,,,-0.342466112,0.1609185
Dmel,female,1.453,1.434,0.47,0.477,1.4435,0.4735,A,3.091489362,3.006289308,,,,-0.324680017,0.159416788
Dmel,female,1.445,1.466,0.458,0.459,1.4555,0.4585,A,3.155021834,3.193899782,,,,-0.33866066,0.16301221
Dmel,female,1.35,1.352,0.456,0.434,1.351,0.445,A,2.960526316,3.115207373,,,,-0.351639989,0.130655349
Dmel,female,1.227,1.218,0.435,0.417,1.2225,0.426,A,2.820689655,2.920863309,,,,-0.370590401,0.087248868
Dmel,female,1.265,1.262,0.433,0.372,1.2635,0.4025,A,2.92147806,3.392473118,,,,-0.395234115,0.101575246
Dmel,female,1.458,1.447,0.445,0.464,1.4525,0.4545,A,3.276404494,3.118534483,,,,-0.342466112,0.162116141
Dmel,female,1.411,1.39,0.468,0.46,1.4005,0.464,A,3.014957265,3.02173913,,,,-0.333482019,0.146283113
Dmel,female,1.496,1.459,0.469,0.471,1.4775,0.47,A,3.189765458,3.097664544,,,,-0.327902142,0.16952749
Dmel,female,1.502,1.456,0.488,0.478,1.479,0.483,A,3.077868852,3.046025105,,,,-0.316052869,0.169968174
Dmel,female,1.476,1.458,0.473,0.472,1.467,0.4725,A,3.1205074,3.088983051,,,,-0.325598187,0.166430114
Dmel,female,1.344,1.356,0.427,0.443,1.35,0.435,A,3.147540984,3.060948081,,,,-0.361510743,0.130333768
Dmel,female,1.454,1.463,0.48,0.468,1.4585,0.474,A,3.029166667,3.126068376,,,,-0.324221658,0.163906433
Dmel,female,1.228,1.238,0.39,0.381,1.233,0.3855,A,3.148717949,3.249343832,,,,-0.413975618,0.090963077
Dmel,female,1.461,1.468,0.479,0.467,1.4645,0.473,A,3.050104384,3.143468951,,,,-0.325138859,0.165689376
Dmel,female,1.212,1.2,0.388,0.388,1.206,0.388,A,3.12371134,3.092783505,,,,-0.411168274,0.081347308
Dmel,female,1.245,1.221,0.408,0.41,1.233,0.409,A,3.051470588,2.97804878,,,,-0.388276692,0.090963077
Dmel,female,1.373,1.388,0.444,0.452,1.3805,0.448,A,3.092342342,3.07079646,,,,-0.348721986,0.140036411
Dmel,female,1.282,1.293,0.431,0.408,1.2875,0.4195,A,2.974477958,3.169117647,,,,-0.377268035,0.109747238
Dmel,female,1.433,1.449,0.457,0.483,1.441,0.47,A,3.135667396,3,,,,-0.327902142,0.158663981
Dmel,female,1.27,1.295,0.425,0.415,1.2825,0.42,A,2.988235294,3.120481928,,,,-0.37675071,0.108057374
Dmel,female,1.438,1.463,0.474,0.434,1.4505,0.454,A,3.033755274,3.370967742,,,,-0.342944147,0.161517733
Dmel,female,1.42,1.447,0.46,0.451,1.4335,0.4555,A,3.086956522,3.208425721,,,,-0.341511619,0.156397697
Dmel,female,1.311,1.31,0.447,0.439,1.3105,0.443,A,2.932885906,2.98405467,,,,-0.353596274,0.117437025
Dmel,female,1.454,1.443,0.432,0.471,1.4485,0.4515,A,3.365740741,3.063694268,,,,-0.345342245,0.1609185
Dmel,female,1.484,1.486,0.487,0.484,1.485,0.4855,A,3.047227926,3.070247934,,,,-0.313810766,0.171726454
Dmel,female,1.218,1.213,0.359,0.381,1.2155,0.37,A,3.39275766,3.183727034,,,,-0.431798276,0.084754963
Dmel,female,1.457,1.455,0.461,0.472,1.456,0.4665,A,3.160520607,3.082627119,,,,-0.331148352,0.163161375
Dmel,female,1.385,1.373,0.442,0.442,1.379,0.442,A,3.133484163,3.106334842,,,,-0.354577731,0.139564266
Dmel,female,1.481,1.479,0.466,0.425,1.48,0.4455,A,3.178111588,3.48,,,,-0.351152292,0.170261715
Dmel,female,1.451,1.446,0.453,0.47,1.4485,0.4615,A,3.203090508,3.076595745,,,,-0.335828295,0.1609185
Dmel,female,1.353,1.341,0.416,0.412,1.347,0.414,A,3.252403846,3.254854369,,,,-0.382999659,0.129367596
Dmel,female,1.478,1.471,0.462,0.486,1.4745,0.474,A,3.199134199,3.026748971,,,,-0.324221658,0.168644777
Dmel,female,1.339,1.346,0.442,0.437,1.3425,0.4395,A,3.029411765,3.080091533,,,,-0.357041121,0.127914294
Dmel,female,1.412,1.409,0.439,0.455,1.4105,0.447,A,3.216400911,3.096703297,,,,-0.349692477,0.14937309
Dmel,female,1.433,1.421,0.453,0.457,1.427,0.455,A,3.163355408,3.10940919,,,,-0.341988603,0.154423973
Dmel,female,1.423,1.433,0.452,0.466,1.428,0.459,A,3.148230088,3.075107296,,,,-0.338187314,0.154728207
Dmel,female,1.42,1.417,0.472,0.454,1.4185,0.463,A,3.008474576,3.121145374,,,,-0.334419009,0.15182934
Dmel,female,1.437,1.421,0.448,0.447,1.429,0.4475,A,3.207589286,3.178970917,,,,-0.34920696,0.155032229
Dmel,female,1.429,1.418,0.472,0.45,1.4235,0.461,A,3.027542373,3.151111111,,,,-0.336299075,0.153357471
Dmel,female,1.478,1.495,0.484,0.469,1.4865,0.4765,A,3.053719008,3.187633262,,,,-0.321937095,0.172164914
Dmel,female,1.449,1.431,0.476,0.458,1.44,0.467,A,3.044117647,3.124454148,,,,-0.330683119,0.158362492
Dmel,female,1.472,1.444,0.475,0.445,1.458,0.46,A,3.098947368,3.24494382,,,,-0.337242168,0.163757524
Dmel,female,1.422,1.425,0.465,0.473,1.4235,0.469,A,3.058064516,3.012684989,,,,-0.328827157,0.153357471
Dmel,female,1.433,1.416,0.482,0.47,1.4245,0.476,A,2.973029046,3.012765957,,,,-0.322393047,0.153662454
Dmel,female,1.361,1.378,0.459,0.424,1.3695,0.4415,A,2.965141612,3.25,,,,-0.355069292,0.136562037
Dmel,female,1.424,1.436,0.464,0.455,1.43,0.4595,A,3.068965517,3.156043956,,,,-0.337714484,0.155336037
Dmel,female,1.422,1.402,0.443,0.437,1.412,0.44,A,3.20993228,3.208237986,,,,-0.356547324,0.149834697
Dmel,female,1.421,1.418,0.435,0.461,1.4195,0.448,A,3.266666667,3.075921909,,,,-0.348721986,0.152135397
Dmel,female,1.428,1.404,0.453,0.442,1.416,0.4475,A,3.152317881,3.176470588,,,,-0.34920696,0.151063253
Dmel,female,1.163,1.182,0.376,0.346,1.1725,0.361,A,3.093085106,3.416184971,,,,-0.442492798,0.069112851
Dmel,female,1.399,1.403,0.457,0.419,1.401,0.438,A,3.061269147,3.348448687,,,,-0.358525889,0.146438135
Dmel,female,1.36,1.364,0.436,0.45,1.362,0.443,A,3.119266055,3.031111111,,,,-0.353596274,0.134177108
Dmel,female,1.467,1.489,0.482,0.472,1.478,0.477,A,3.043568465,3.154661017,,,,-0.321481621,0.169674434
Dmel,female,1.445,1.428,0.476,0.475,1.4365,0.4755,A,3.035714286,3.006315789,,,,-0.322849479,0.15730563
Dmel,female,1.442,1.448,0.466,0.452,1.445,0.459,A,3.094420601,3.203539823,,,,-0.338187314,0.159867847
Dmel,female,1.477,1.485,0.486,0.481,1.481,0.4835,A,3.03909465,3.087318087,,,,-0.315603522,0.170555059
Dmel,female,1.431,1.419,0.462,0.452,1.425,0.457,A,3.097402597,3.139380531,,,,-0.3400838,0.153814864
Dmel,female,1.425,1.407,0.432,0.447,1.416,0.4395,A,3.298611111,3.147651007,,,,-0.357041121,0.151063253
Dmel,female,1.485,1.486,0.491,0.44,1.4855,0.4655,A,3.024439919,3.377272727,,,,-0.332080315,0.171872656
Dmel,female,1.461,1.478,0.475,0.47,1.4695,0.4725,A,3.075789474,3.144680851,,,,-0.325598187,0.16716959
Dmel,female,1.453,1.453,0.483,0.464,1.453,0.4735,A,3.008281573,3.131465517,,,,-0.324680017,0.162265614
Dmel,female,1.456,1.467,0.475,0.45,1.4615,0.4625,A,3.065263158,3.26,,,,-0.334888263,0.16479882
Dmel,female,1.486,1.493,0.463,0.466,1.4895,0.4645,A,3.20950324,3.203862661,,,,-0.333014282,0.173040508
Dmel,female,1.468,1.446,0.451,0.455,1.457,0.453,A,3.254988914,3.178021978,,,,-0.343901798,0.163459552
Dmel,female,1.462,1.449,0.468,0.456,1.4555,0.462,A,3.123931624,3.177631579,,,,-0.335358024,0.16301221
Dmel,female,1.493,1.49,0.495,0.473,1.4915,0.484,A,3.016161616,3.150105708,,,,-0.315154638,0.173623258
Dmel,female,1.437,1.411,0.47,0.476,1.424,0.473,A,3.057446809,2.964285714,,,,-0.325138859,0.153509989
Dmel,female,1.447,1.452,0.477,0.465,1.4495,0.471,A,3.033542977,3.122580645,,,,-0.326979093,0.16121822
Dmel,female,1.355,1.353,0.45,0.451,1.354,0.4505,A,3.011111111,3,,,,-0.346305205,0.131618664
Dmel,female,1.454,1.437,0.473,0.475,1.4455,0.474,A,3.073995772,3.025263158,,,,-0.324221658,0.160018096
Dmel,female,1.407,1.401,0.473,0.459,1.404,0.466,A,2.974630021,3.052287582,,,,-0.331614083,0.147367108
Dmel,female,1.482,1.493,0.492,0.46,1.4875,0.476,A,3.012195122,3.245652174,,,,-0.322393047,0.172456974
Dmel,female,1.401,1.454,0.481,0.465,1.4275,0.473,A,2.912681913,3.12688172,,,,-0.325138859,0.154576117
Dmel,female,1.393,1.371,0.433,0.449,1.382,0.441,A,3.217090069,3.053452116,,,,-0.355561411,0.140508043
Dmel,female,1.428,1.421,0.471,0.451,1.4245,0.461,A,3.031847134,3.150776053,,,,-0.336299075,0.153662454
Dmel,female,1.455,1.438,0.452,0.465,1.4465,0.4585,A,3.219026549,3.092473118,,,,-0.33866066,0.160318438
Dmel,female,1.522,1.525,0.498,0.487,1.5235,0.4925,A,3.0562249,3.131416838,,,,-0.307593765,0.182842459
Dmel,female,1.332,1.345,0.441,0.444,1.3385,0.4425,A,3.020408163,3.029279279,,,,-0.354086725,0.126618376
Dmel,female,1.434,1.443,0.459,0.477,1.4385,0.468,A,3.124183007,3.025157233,,,,-0.329754147,0.157909866
Dmel,female,1.365,1.37,0.465,0.476,1.3675,0.4705,A,2.935483871,2.878151261,,,,-0.327440372,0.135927335
Dmel,female,1.414,1.41,0.471,0.47,1.412,0.4705,A,3.002123142,3,,,,-0.327440372,0.149834697
Dmel,female,1.366,1.363,0.431,0.462,1.3645,0.4465,A,3.16937355,2.95021645,,,,-0.350178537,0.13497354
Dmel,female,1.335,1.288,0.436,0.429,1.3115,0.4325,A,3.061926606,3.002331002,,,,-0.364013888,0.117768295
Dmel,female,1.384,1.392,0.446,0.453,1.388,0.4495,A,3.103139013,3.072847682,,,,-0.347270304,0.142389466
Dmel,female,1.398,1.383,0.463,0.455,1.3905,0.459,A,3.019438445,3.03956044,,,,-0.338187314,0.143170993
Dmel,female,1.278,1.286,0.405,0.397,1.282,0.401,A,3.155555556,3.23929471,,,,-0.396855627,0.107888025
Dmel,female,1.38,1.39,0.471,0.449,1.385,0.46,A,2.929936306,3.095768374,,,,-0.337242168,0.141449773
Dmel,female,1.456,1.434,0.447,0.413,1.445,0.43,A,3.257270694,3.472154964,,,,-0.366531544,0.159867847
Dmel,female,1.294,1.298,0.429,0.414,1.296,0.4215,A,3.016317016,3.1352657,,,,-0.375202421,0.112605002
Dmel,female,1.43,1.445,0.483,0.476,1.4375,0.4795,A,2.960662526,3.035714286,,,,-0.319211388,0.157607853
Dmel,female,1.368,1.365,0.45,0.444,1.3665,0.447,A,3.04,3.074324324,,,,-0.349692477,0.135609636
Dmel,female,1.437,1.437,0.466,0.47,1.437,0.468,A,3.083690987,3.057446809,,,,-0.329754147,0.157456768
Dmel,female,1.509,1.481,0.485,0.487,1.495,0.486,A,3.111340206,3.041067762,,,,-0.313363731,0.174641193
Dmel,female,1.429,1.436,0.474,0.478,1.4325,0.476,A,3.014767932,3.0041841,,,,-0.322393047,0.156094631
Dmel,female,1.459,1.453,0.481,0.487,1.456,0.484,A,3.033264033,2.983572895,,,,-0.315154638,0.163161375
Dmel,female,1.343,1.353,0.445,0.456,1.348,0.4505,A,3.017977528,2.967105263,,,,-0.346305205,0.129689892
Dmel,female,1.439,1.432,0.465,0.465,1.4355,0.465,A,3.094623656,3.079569892,,,,-0.332547047,0.157003197
Dmel,female,1.486,1.493,0.476,0.471,1.4895,0.4735,A,3.121848739,3.16985138,,,,-0.324680017,0.173040508
Dmel,female,1.443,1.454,0.463,0.458,1.4485,0.4605,A,3.11663067,3.174672489,,,,-0.336770365,0.1609185
Dmel,female,1.416,1.413,0.478,0.476,1.4145,0.477,A,2.962343096,2.968487395,,,,-0.321481621,0.150602952
Dmel,female,1.337,1.367,0.44,0.442,1.352,0.441,A,3.038636364,3.092760181,,,,-0.355561411,0.130976692
Dmel,female,1.419,1.434,0.459,0.458,1.4265,0.4585,A,3.091503268,3.131004367,,,,-0.33866066,0.154271776
Dmel,female,1.408,1.393,0.446,0.457,1.4005,0.4515,A,3.156950673,3.048140044,,,,-0.345342245,0.146283113
Dmel,female,1.334,1.337,0.423,0.388,1.3355,0.4055,A,3.153664303,3.445876289,,,,-0.392009141,0.125643892
Dmel,female,1.502,1.502,0.487,0.479,1.502,0.483,A,3.084188912,3.135699374,,,,-0.316052869,0.176669933
Dmel,female,1.448,1.459,0.491,0.467,1.4535,0.479,A,2.949083503,3.124197002,,,,-0.319664487,0.162415036
Dmel,female,1.365,1.366,0.437,0.433,1.3655,0.435,A,3.123569794,3.154734411,,,,-0.361510743,0.135291704
Dmel,female,1.46,1.445,0.462,0.465,1.4525,0.4635,A,3.16017316,3.107526882,,,,-0.333950262,0.162116141
Dmel,female,1.406,1.402,0.449,0.467,1.404,0.458,A,3.131403118,3.002141328,,,,-0.339134522,0.147367108
Dmel,female,1.442,1.437,0.471,0.476,1.4395,0.4735,A,3.061571125,3.018907563,,,,-0.324680017,0.158211669
Dmel,female,1.463,1.472,0.468,0.479,1.4675,0.4735,A,3.126068376,3.073068894,,,,-0.324680017,0.16657811
Dmel,female,1.308,1.32,0.415,0.408,1.314,0.4115,A,3.151807229,3.235294118,,,,-0.38563016,0.118595365
Dmel,female,1.237,1.224,0.387,0.407,1.2305,0.397,A,3.196382429,3.007371007,,,,-0.401209493,0.090081618
Dmel,female,1.32,1.339,0.424,0.41,1.3295,0.417,A,3.113207547,3.265853659,,,,-0.379863945,0.123688342
Dmel,female,1.458,1.448,0.448,0.457,1.453,0.4525,A,3.254464286,3.168490153,,,,-0.344381416,0.162265614
Dmel,female,1.428,1.434,0.442,0.454,1.431,0.448,A,3.230769231,3.158590308,,,,-0.348721986,0.155639634
Dmel,female,1.415,1.4,0.427,0.426,1.4075,0.4265,A,3.31381733,3.286384977,,,,-0.370080964,0.148448404
Dmel,female,1.291,1.292,0.422,0.393,1.2915,0.4075,A,3.059241706,3.287531807,,,,-0.389872387,0.111094411
Dmel,female,1.035,1.024,0.318,0.32,1.0295,0.319,A,3.254716981,3.2,,,,-0.496209317,0.012626351
Dmel,female,1.469,1.467,0.483,0.469,1.468,0.476,A,3.041407867,3.12793177,,,,-0.322393047,0.166726056
Dmel,female,1.438,1.441,0.459,0.453,1.4395,0.456,A,3.132897603,3.181015453,,,,-0.341035157,0.158211669
Dmel,female,1.425,1.45,0.46,0.445,1.4375,0.4525,A,3.097826087,3.258426966,,,,-0.344381416,0.157607853
Dmel,female,1.391,1.38,0.447,0.428,1.3855,0.4375,A,3.111856823,3.224299065,,,,-0.359021943,0.14160653
Dmel,female,1.402,1.401,0.446,0.446,1.4015,0.446,A,3.143497758,3.141255605,,,,-0.350665141,0.146593102
Dmel,female,1.347,1.348,0.426,0.431,1.3475,0.4285,A,3.161971831,3.127610209,,,,-0.368049174,0.129528774
Dmel,female,1.418,1.415,0.469,0.436,1.4165,0.4525,A,3.023454158,3.245412844,,,,-0.344381416,0.151216579
Dmel,female,1.396,1.4,0.455,0.433,1.398,0.444,A,3.068131868,3.233256351,,,,-0.35261703,0.145507171
Dmel,female,1.42,1.428,0.457,0.43,1.424,0.4435,A,3.107221007,3.320930233,,,,-0.353106376,0.153509989
Dmel,female,1.368,1.381,0.423,0.429,1.3745,0.426,A,3.234042553,3.219114219,,,,-0.370590401,0.138144744
Dmel,female,1.449,1.43,0.467,0.475,1.4395,0.471,A,3.102783726,3.010526316,,,,-0.326979093,0.158211669
Dmel,female,1.388,1.407,0.46,0.456,1.3975,0.458,A,3.017391304,3.085526316,,,,-0.339134522,0.145351817
Dmel,female,1.418,1.422,0.433,0.445,1.42,0.439,A,3.27482679,3.195505618,,,,-0.35753548,0.152288344
Dmel,female,1.352,1.325,0.444,0.432,1.3385,0.438,A,3.045045045,3.06712963,,,,-0.358525889,0.126618376
Dmel,female,1.385,1.392,0.442,0.456,1.3885,0.449,A,3.133484163,3.052631579,,,,-0.347753659,0.142545884
Dmel,female,1.337,1.33,0.437,0.439,1.3335,0.438,A,3.059496568,3.029612756,,,,-0.358525889,0.12499302
Dmel,female,1.44,1.445,0.443,0.443,1.4425,0.443,A,3.250564334,3.261851016,,,,-0.353596274,0.159115822
Dmel,female,1.428,1.421,0.464,0.433,1.4245,0.4485,A,3.077586207,3.281755196,,,,-0.348237553,0.153662454
Dmel,female,1.397,1.4,0.46,0.453,1.3985,0.4565,A,3.036956522,3.090507726,,,,-0.340559218,0.145662471
Dmel,female,1.427,1.397,0.454,0.46,1.412,0.457,A,3.143171806,3.036956522,,,,-0.3400838,0.149834697
Dmel,female,1.412,1.405,0.449,0.441,1.4085,0.445,A,3.144766147,3.185941043,,,,-0.351639989,0.148756851
Dmel,female,1.39,1.395,0.448,0.467,1.3925,0.4575,A,3.102678571,2.987152034,,,,-0.339608902,0.143795204
Dmel,female,1.487,1.502,0.427,0.488,1.4945,0.4575,A,3.482435597,3.077868852,,,,-0.339608902,0.174495919
Dmel,female,1.374,1.374,0.454,0.433,1.374,0.4435,A,3.026431718,3.173210162,,,,-0.353106376,0.137986733
Dmel,female,1.461,1.462,0.466,0.481,1.4615,0.4735,A,3.135193133,3.03950104,,,,-0.324680017,0.16479882
Dmel,female,1.311,1.308,0.415,0.428,1.3095,0.4215,A,3.159036145,3.056074766,,,,-0.375202421,0.117105503
Dmel,female,1.451,1.453,0.452,0.458,1.452,0.455,A,3.210176991,3.172489083,,,,-0.341988603,0.161966616
Dmel,female,1.455,1.47,0.45,0.476,1.4625,0.463,A,3.233333333,3.088235294,,,,-0.334419009,0.165095875
Dmel,female,1.418,1.433,0.415,0.476,1.4255,0.4455,A,3.41686747,3.010504202,,,,-0.351152292,0.153967222
Dmel,female,1.433,1.418,0.465,0.446,1.4255,0.4555,A,3.08172043,3.179372197,,,,-0.341511619,0.153967222
Dmel,female,1.346,1.335,0.436,0.423,1.3405,0.4295,A,3.087155963,3.156028369,,,,-0.367036832,0.127266818
Dmel,female,1.361,1.353,0.435,0.451,1.357,0.443,A,3.128735632,3,,,,-0.353596274,0.132579848
Dmel,female,1.397,1.404,0.449,0.414,1.4005,0.4315,A,3.111358575,3.391304348,,,,-0.3650192,0.146283113
Dmel,female,1.455,1.448,0.484,0.46,1.4515,0.472,A,3.006198347,3.147826087,,,,-0.326058001,0.16181704
Dmel,female,1.381,1.362,0.459,0.445,1.3715,0.452,A,3.008714597,3.060674157,,,,-0.344861565,0.137195812
Dmel,female,1.438,1.451,0.454,0.476,1.4445,0.465,A,3.167400881,3.048319328,,,,-0.332547047,0.159717546
Dmel,female,1.471,1.47,0.473,0.452,1.4705,0.4625,A,3.109936575,3.252212389,,,,-0.334888263,0.167465029
Dmel,female,1.453,1.462,0.479,0.47,1.4575,0.4745,A,3.033402923,3.110638298,,,,-0.323763783,0.163608563
Dmel,female,1.377,1.335,0.435,0.459,1.356,0.447,A,3.165517241,2.908496732,,,,-0.349692477,0.13225969
Dmel,female,1.478,1.459,0.451,0.449,1.4685,0.45,A,3.277161863,3.249443207,,,,-0.346787486,0.166873951
Dmel,female,1.394,1.387,0.445,0.467,1.3905,0.456,A,3.13258427,2.970021413,,,,-0.341035157,0.143170993
Dmel,female,1.379,1.4,0.458,0.449,1.3895,0.4535,A,3.010917031,3.118040089,,,,-0.343422709,0.142858551
Dmel,female,1.416,1.418,0.432,0.448,1.417,0.44,A,3.277777778,3.165178571,,,,-0.356547324,0.15136985
Dmel,female,1.478,1.46,0.461,0.466,1.469,0.4635,A,3.206073753,3.13304721,,,,-0.333950262,0.167021796
Dmel,female,1.385,1.395,0.431,0.462,1.39,0.4465,A,3.213457077,3.019480519,,,,-0.350178537,0.1430148
Dmel,female,1.401,1.427,0.464,0.452,1.414,0.458,A,3.019396552,3.157079646,,,,-0.339134522,0.150449409
Dmel,female,1.119,1.099,0.366,0.355,1.109,0.3605,A,3.057377049,3.095774648,,,,-0.443094731,0.044931546
Dmel,female,1.426,1.41,0.439,0.434,1.418,0.4365,A,3.248291572,3.248847926,,,,-0.360015752,0.151676231
Dmel,female,1.38,1.397,0.448,0.446,1.3885,0.447,A,3.080357143,3.132286996,,,,-0.349692477,0.142545884
Dmel,female,1.18,1.16,0.396,0.385,1.17,0.3905,A,2.97979798,3.012987013,,,,-0.408378962,0.068185862
Dmel,female,1.463,1.464,0.446,0.459,1.4635,0.4525,A,3.280269058,3.189542484,,,,-0.344381416,0.165392727
Dmel,female,1.422,1.415,0.448,0.434,1.4185,0.441,A,3.174107143,3.260368664,,,,-0.355561411,0.15182934
Dsim,female,1.192,1.192,0.3909,0.3861,1.192,0.3885,A,3.049373241,3.087283087,,,,-0.410608977,0.076276255
Dsim,female,1.246,1.243,0.3979,0.3948,1.2445,0.39635,A,3.13144006,3.148429585,,,,-0.401921137,0.094994901
Dsim,female,1.183,1.207,0.4005,0.3777,1.195,0.3891,A,2.95380774,3.19565793,,,,-0.409938769,0.077367905
Dsim,female,1.227,1.243,0.3945,0.3695,1.235,0.382,A,3.11026616,3.364005413,,,,-0.417936637,0.091666958
Dsim,female,1.259,1.276,0.3955,0.4121,1.2675,0.4038,A,3.183312263,3.096335841,,,,-0.393833685,0.102947968
Dsim,female,1.263,1.296,0.4125,0.3945,1.2795,0.4035,A,3.061818182,3.285171103,,,,-0.394156461,0.10704029
Dsim,female,1.224,1.208,0.3701,0.4087,1.216,0.3894,A,3.307214266,2.955713237,,,,-0.409604053,0.084933575
Dsim,female,1.217,1.215,0.402,0.4096,1.216,0.4058,A,3.027363184,2.966308594,,,,-0.391687957,0.084933575
Dsim,female,1.196,1.204,0.3643,0.3731,1.2,0.3687,A,3.283008509,3.227016886,,,,-0.433326862,0.079181246
Dsim,female,1.16,1.169,0.4016,0.3967,1.1645,0.39915,A,2.888446215,2.946811192,,,,-0.398863866,0.066139493
Dsim,female,1.197,1.191,0.4025,0.3775,1.194,0.39,A,2.973913043,3.154966887,,,,-0.408935393,0.077004327
Dsim,female,1.1461,1.11,0.4151,0.401,1.12805,0.40805,A,2.761021441,2.7680798,,,,-0.389286618,0.05232835
Dsim,female,1.274,1.268,0.4193,0.4129,1.271,0.4161,A,3.038397329,3.070961492,,,,-0.380802284,0.104145551
Dsim,female,1.294,1.295,0.4191,0.4268,1.2945,0.42295,A,3.087568599,3.03420806,,,,-0.373710971,0.112102055
Dsim,female,1.25,1.253,0.4207,0.4209,1.2515,0.4208,A,2.971238412,2.976954146,,,,-0.375924269,0.097430854
Dsim,female,1.235,1.261,0.4301,0.4243,1.248,0.4272,A,2.87142525,2.971953806,,,,-0.369368756,0.096214585
Dsim,female,1.2674,1.263,0.4089,0.4178,1.2652,0.41335,A,3.099535339,3.022977501,,,,-0.383682058,0.102159183
Dsim,female,1.253,1.263,0.448,0.4263,1.258,0.43715,A,2.796875,2.962702322,,,,-0.359369517,0.099680641
Dsim,female,1.274,1.307,0.4314,0.4376,1.2905,0.4345,A,2.953175707,2.986745887,,,,-0.362010219,0.110758009
Dsim,female,1.232,1.253,0.4347,0.4426,1.2425,0.43865,A,2.834138486,2.830998644,,,,-0.357881866,0.094296397
Dsim,female,1.177,1.193,0.41,0.4,1.185,0.405,A,2.870731707,2.9825,,,,-0.392544977,0.07371835
Dsim,female,1.197,1.199,0.408,0.409,1.198,0.4085,A,2.933823529,2.931540342,,,,-0.388807939,0.078456818
Dsim,female,1.179,1.206,0.411,0.415,1.1925,0.413,A,2.868613139,2.906024096,,,,-0.384049948,0.076458388
Dsim,female,1.03,1.035,0.397,0.379,1.0325,0.388,A,2.594458438,2.730870712,,,,-0.411168274,0.01389006
Dsim,female,1.157,1.16,0.415,0.419,1.1585,0.417,A,2.787951807,2.76849642,,,,-0.379863945,0.063896038
Dsim,female,1.117,1.118,0.416,0.426,1.1175,0.421,A,2.685096154,2.624413146,,,,-0.375717904,0.048247532
Dsim,female,1.158,1.148,0.399,0.39,1.153,0.3945,A,2.902255639,2.943589744,,,,-0.403952992,0.061829307
Dsim,female,1.094,1.067,0.379,0.393,1.0805,0.386,A,2.886543536,2.715012723,,,,-0.413412695,0.033624771
Dsim,female,1.1,1.083,0.415,0.404,1.0915,0.4095,A,2.65060241,2.680693069,,,,-0.387746094,0.03802374
Dsim,female,1.066,1.042,0.363,0.34,1.054,0.3515,A,2.936639118,3.064705882,,,,-0.454074671,0.022840611
Dsim,female,1.191,1.179,0.398,0.391,1.185,0.3945,A,2.992462312,3.015345269,,,,-0.403952992,0.07371835
Dsim,female,1.058,0.955,0.398,0.399,1.0065,0.3985,A,2.658291457,2.393483709,,,,-0.399571674,0.002813779
Dsim,female,0.973,0.992,0.384,0.384,0.9825,0.384,A,2.533854167,2.583333333,,,,-0.415668776,-0.007667441
Dsim,female,1.194,1.179,0.413,0.427,1.1865,0.42,A,2.891041162,2.761124122,,,,-0.37675071,0.074267743
Dsim,female,1.163,1.155,0.404,0.393,1.159,0.3985,A,2.878712871,2.938931298,,,,-0.399571674,0.064083436
Dsim,female,1.143,1.19,0.383,0.401,1.1665,0.392,A,2.984334204,2.967581047,,,,-0.406713933,0.066884743
Dsim,female,1.048,1.038,0.362,0.371,1.043,0.3665,A,2.895027624,2.797843666,,,,-0.435926021,0.018284308
Dsim,female,1.173,1.179,0.393,0.41,1.176,0.4015,A,2.984732824,2.875609756,,,,-0.39631445,0.070407322
Dsim,female,1.123,1.128,0.402,0.392,1.1255,0.397,A,2.793532338,2.87755102,,,,-0.401209493,0.051345499
Dsim,female,1.181,1.192,0.405,0.404,1.1865,0.4045,A,2.916049383,2.95049505,,,,-0.393081474,0.074267743
Dsim,female,1.031,1.045,0.344,0.334,1.038,0.339,A,2.997093023,3.128742515,,,,-0.469800302,0.016197354
Dsim,female,1.114,1.126,0.397,0.393,1.12,0.395,A,2.80604534,2.865139949,,,,-0.403402904,0.049218023
Dsim,female,1.097,1.083,0.407,0.392,1.09,0.3995,A,2.695331695,2.762755102,,,,-0.398483216,0.037426498
Dsim,female,1.185,1.2,0.394,0.403,1.1925,0.3985,A,3.007614213,2.977667494,,,,-0.399571674,0.076458388
Dsim,female,1.13,1.158,0.39,0.403,1.144,0.3965,A,2.897435897,2.873449132,,,,-0.401756808,0.058426024
Dsim,female,1.104,1.077,0.385,0.393,1.0905,0.389,A,2.867532468,2.740458015,,,,-0.410050399,0.03762567
Dsim,female,1.197,1.194,0.399,0.406,1.1955,0.4025,A,3,2.9408867,,,,-0.395234115,0.07754958
Dsim,female,1.182,1.176,0.395,0.4,1.179,0.3975,A,2.992405063,2.94,,,,-0.400662867,0.071513805
Dsim,female,1.178,1.17,0.393,0.362,1.174,0.3775,A,2.997455471,3.232044199,,,,-0.423083044,0.069668097
Dsim,female,1.174,1.169,0.405,0.408,1.1715,0.4065,A,2.898765432,2.865196078,,,,-0.39093945,0.068742293
Dsim,female,1.096,1.107,0.368,0.363,1.1015,0.3655,A,2.97826087,3.049586777,,,,-0.437112619,0.041984501
Dsim,female,1.14,1.126,0.382,0.406,1.133,0.394,A,2.984293194,2.773399015,,,,-0.404503778,0.05422991
Dsim,female,1.113,1.087,0.388,0.394,1.1,0.391,A,2.868556701,2.758883249,,,,-0.407823243,0.041392685
Dsim,female,1.026,1.004,0.373,0.363,1.015,0.368,A,2.750670241,2.76584022,,,,-0.434152181,0.006466042
Dsim,female,1.193,1.182,0.414,0.41,1.1875,0.412,A,2.881642512,2.882926829,,,,-0.385102784,0.074633618
Dsim,female,1.172,1.192,0.393,0.413,1.182,0.403,A,2.982188295,2.886198547,,,,-0.394694954,0.072617477
Dsim,female,1.131,1.139,0.421,0.419,1.135,0.42,A,2.686460808,2.718377088,,,,-0.37675071,0.054995862
Dsim,female,1.197,1.191,0.417,0.409,1.194,0.413,A,2.870503597,2.91198044,,,,-0.384049948,0.077004327
Dsim,female,1.089,1.105,0.357,0.39,1.097,0.3735,A,3.050420168,2.833333333,,,,-0.427709394,0.040206628
Dsim,female,1.196,1.207,0.403,0.411,1.2015,0.407,A,2.967741935,2.936739659,,,,-0.390405591,0.079723775
Dsim,female,1.073,1.082,0.368,0.367,1.0775,0.3675,A,2.91576087,2.948228883,,,,-0.434742657,0.032417279
Dsim,female,1.158,1.161,0.407,0.404,1.1595,0.4055,A,2.845208845,2.873762376,,,,-0.392009141,0.064270753
Dsim,female,1.107,1.047,0.414,0.414,1.077,0.414,A,2.673913043,2.528985507,,,,-0.382999659,0.032215703
Dsim,female,1.177,1.178,0.396,0.404,1.1775,0.4,A,2.972222222,2.915841584,,,,-0.397940009,0.070960916
Dsim,female,1.099,1.1,0.404,0.404,1.0995,0.404,A,2.72029703,2.722772277,,,,-0.393618635,0.041195234
Dsim,female,1.179,1.179,0.385,0.405,1.179,0.395,A,3.062337662,2.911111111,,,,-0.403402904,0.071513805
Dsim,female,1.174,1.178,0.431,0.412,1.176,0.4215,A,2.723897912,2.859223301,,,,-0.375202421,0.070407322
Dsim,female,1.057,1.044,0.409,0.401,1.0505,0.405,A,2.584352078,2.603491272,,,,-0.392544977,0.021396057
Dsim,female,1.192,1.183,0.416,0.396,1.1875,0.406,A,2.865384615,2.987373737,,,,-0.391473966,0.074633618
Dsim,female,1.045,1.035,0.378,0.378,1.04,0.378,A,2.764550265,2.738095238,,,,-0.4225082,0.017033339
Dsim,female,1.14,1.159,0.414,0.41,1.1495,0.412,A,2.753623188,2.826829268,,,,-0.385102784,0.060508976
Dsim,female,1.13,1.123,0.401,0.383,1.1265,0.392,A,2.817955112,2.932114883,,,,-0.406713933,0.051731196
Dsim,female,1.152,1.129,0.391,0.395,1.1405,0.393,A,2.94629156,2.858227848,,,,-0.40560745,0.05709529
Dsim,female,1.149,1.15,0.397,0.416,1.1495,0.4065,A,2.894206549,2.764423077,,,,-0.39093945,0.060508976
Dsim,female,1.084,1.101,0.377,0.376,1.0925,0.3765,A,2.875331565,2.928191489,,,,-0.424235019,0.038421446
Dsim,female,1.149,1.172,0.408,0.41,1.1605,0.409,A,2.816176471,2.858536585,,,,-0.388276692,0.064645145
Dsim,female,1.198,1.159,0.411,0.408,1.1785,0.4095,A,2.914841849,2.840686275,,,,-0.387746094,0.071329587
Dsim,female,1.051,1.057,0.37,0.343,1.054,0.3565,A,2.840540541,3.081632653,,,,-0.447940466,0.022840611
Dsim,female,1.039,1.042,0.341,0.362,1.0405,0.3515,A,3.046920821,2.878453039,,,,-0.454074671,0.017242085
Dsim,female,1.111,1.115,0.399,0.384,1.113,0.3915,A,2.784461153,2.903645833,,,,-0.407268234,0.046495164
Dsim,female,1.197,1.182,0.405,0.403,1.1895,0.404,A,2.955555556,2.933002481,,,,-0.393618635,0.075364446
Dsim,female,1.166,1.188,0.395,0.389,1.177,0.392,A,2.951898734,3.053984576,,,,-0.406713933,0.070776463
Dsim,female,1.107,1.118,0.402,0.4,1.1125,0.401,A,2.753731343,2.795,,,,-0.396855627,0.04630002
Dsim,female,1.179,1.16,0.372,0.402,1.1695,0.387,A,3.169354839,2.885572139,,,,-0.412289035,0.068000226
Dsim,female,1.238,1.253,0.403,0.419,1.2455,0.411,A,3.071960298,2.990453461,,,,-0.386158178,0.095343732
Dsim,female,1.221,1.22,0.413,0.424,1.2205,0.4185,A,2.956416465,2.877358491,,,,-0.378304538,0.086537784
Dsim,female,1.211,1.216,0.413,0.406,1.2135,0.4095,A,2.93220339,2.995073892,,,,-0.387746094,0.084039781
Dsim,female,1.114,1.105,0.418,0.408,1.1095,0.413,A,2.66507177,2.708333333,,,,-0.384049948,0.045127307
Dsim,female,1.218,1.238,0.394,0.402,1.228,0.398,A,3.091370558,3.07960199,,,,-0.400116928,0.089198367
Dsim,female,1.241,1.247,0.398,0.411,1.244,0.4045,A,3.118090452,3.03406326,,,,-0.393081474,0.09482038
Dsim,female,1.239,1.243,0.405,0.399,1.241,0.402,A,3.059259259,3.115288221,,,,-0.395773947,0.093771781
Dsim,female,1.209,1.238,0.405,0.412,1.2235,0.4085,A,2.985185185,3.004854369,,,,-0.388807939,0.087603974
Dsim,female,1.216,1.206,0.399,0.413,1.211,0.406,A,3.047619048,2.920096852,,,,-0.391473966,0.083144143
Dsim,female,1.23,1.251,0.418,0.402,1.2405,0.41,A,2.942583732,3.111940299,,,,-0.387216143,0.093596769
Dsim,female,1.15,1.18,0.391,0.418,1.165,0.4045,A,2.941176471,2.822966507,,,,-0.393081474,0.066325925
Dsim,female,1.234,1.209,0.391,0.399,1.2215,0.395,A,3.15601023,3.030075188,,,,-0.403402904,0.086893471
Dsim,female,1.254,1.234,0.405,0.426,1.244,0.4155,A,3.096296296,2.896713615,,,,-0.381428972,0.09482038
Dsim,female,1.235,1.235,0.411,0.397,1.235,0.404,A,3.00486618,3.110831234,,,,-0.393618635,0.091666958
Dsim,female,1.233,1.234,0.409,0.4,1.2335,0.4045,A,3.014669927,3.085,,,,-0.393081474,0.091139154
Dsim,female,1.153,1.171,0.398,0.388,1.162,0.393,A,2.896984925,3.018041237,,,,-0.40560745,0.065206128
Dsim,female,1.154,1.147,0.416,0.405,1.1505,0.4105,A,2.774038462,2.832098765,,,,-0.386686839,0.060886623
Dsim,female,1.214,1.235,0.422,0.41,1.2245,0.416,A,2.876777251,3.012195122,,,,-0.380906669,0.087958789
Dsim,female,1.261,1.263,0.438,0.424,1.262,0.431,A,2.878995434,2.978773585,,,,-0.36552273,0.101059355
Dsim,female,1.195,1.211,0.402,0.413,1.203,0.4075,A,2.972636816,2.93220339,,,,-0.389872387,0.080265627
Dsim,female,1.225,1.235,0.39,0.399,1.23,0.3945,A,3.141025641,3.095238095,,,,-0.403952992,0.089905111
Dsim,female,1.241,1.234,0.419,0.417,1.2375,0.418,A,2.961813842,2.959232614,,,,-0.378823718,0.092545208
Dsim,female,1.22,1.238,0.404,0.409,1.229,0.4065,A,3.01980198,3.026894866,,,,-0.39093945,0.089551883
Dsim,female,1.268,1.263,0.411,0.408,1.2655,0.4095,A,3.085158151,3.095588235,,,,-0.387746094,0.102262149
Dsim,female,1.183,1.179,0.404,0.398,1.181,0.401,A,2.928217822,2.962311558,,,,-0.396855627,0.072249898
Dsim,female,1.171,1.181,0.393,0.405,1.176,0.399,A,2.979643766,2.916049383,,,,-0.399027104,0.070407322
Dsim,female,1.199,1.163,0.409,0.408,1.181,0.4085,A,2.931540342,2.850490196,,,,-0.388807939,0.072249898
Dsim,female,1.22,1.21,0.405,0.404,1.215,0.4045,A,3.012345679,2.995049505,,,,-0.393081474,0.084576278
Dsim,female,1.123,1.097,0.383,0.377,1.11,0.38,A,2.932114883,2.909814324,,,,-0.420216403,0.045322979
Dsim,female,1.243,1.285,0.42,0.396,1.264,0.408,A,2.95952381,3.244949495,,,,-0.389339837,0.101747074
Dsim,female,1.242,1.24,0.415,0.404,1.241,0.4095,A,2.992771084,3.069306931,,,,-0.387746094,0.093771781
Dsim,female,1.219,1.201,0.396,0.405,1.21,0.4005,A,3.078282828,2.965432099,,,,-0.39739748,0.08278537
Dsim,female,1.247,1.251,0.433,0.426,1.249,0.4295,A,2.879907621,2.936619718,,,,-0.367036832,0.096562438
Dsim,female,1.095,1.095,0.403,0.404,1.095,0.4035,A,2.717121588,2.71039604,,,,-0.394156461,0.039414119
Dsim,female,1.183,1.181,0.409,0.406,1.182,0.4075,A,2.892420538,2.908866995,,,,-0.389872387,0.072617477
Dsim,female,1.128,1.135,0.379,0.377,1.1315,0.378,A,2.976253298,3.01061008,,,,-0.4225082,0.053654558
Dsim,female,1.111,1.123,0.4,0.409,1.117,0.4045,A,2.7775,2.745721271,,,,-0.393081474,0.048053173
Dsim,female,1.214,1.211,0.411,0.402,1.2125,0.4065,A,2.95377129,3.012437811,,,,-0.39093945,0.083681747
Dsim,female,1.236,1.236,0.397,0.405,1.236,0.401,A,3.113350126,3.051851852,,,,-0.396855627,0.092018471
Dsim,female,1.214,1.203,0.407,0.397,1.2085,0.402,A,2.982800983,3.0302267,,,,-0.395773947,0.082246655
Dsim,female,1.227,1.206,0.414,0.414,1.2165,0.414,A,2.963768116,2.913043478,,,,-0.382999659,0.085112113
Dsim,female,1.228,1.212,0.404,0.405,1.22,0.4045,A,3.03960396,2.992592593,,,,-0.393081474,0.086359831
Dsim,female,1.226,1.228,0.412,0.42,1.227,0.416,A,2.975728155,2.923809524,,,,-0.380906669,0.088844563
Dsim,female,1.111,1.123,0.379,0.388,1.117,0.3835,A,2.931398417,2.894329897,,,,-0.416234632,0.048053173
Dsim,female,1.139,1.128,0.388,0.371,1.1335,0.3795,A,2.93556701,3.040431267,,,,-0.42078822,0.054421524
Dsim,female,1.226,1.225,0.424,0.421,1.2255,0.4225,A,2.891509434,2.909738717,,,,-0.374173287,0.088313316
Dsim,female,1.062,1.065,0.357,0.363,1.0635,0.36,A,2.974789916,2.933884298,,,,-0.443697499,0.026737494
Dsim,female,1.234,1.247,0.405,0.422,1.2405,0.4135,A,3.04691358,2.954976303,,,,-0.383524486,0.093596769
Dsim,female,1.159,1.165,0.394,0.406,1.162,0.4,A,2.941624365,2.869458128,,,,-0.397940009,0.065206128
Dsim,female,1.194,1.179,0.405,0.394,1.1865,0.3995,A,2.948148148,2.992385787,,,,-0.398483216,0.074267743
Dsim,female,1.214,1.211,0.409,0.411,1.2125,0.41,A,2.968215159,2.946472019,,,,-0.387216143,0.083681747
Dsim,female,1.254,1.246,0.418,0.4,1.25,0.409,A,3,3.115,,,,-0.388276692,0.096910013
Dsim,female,1.234,1.235,0.375,0.402,1.2345,0.3885,A,3.290666667,3.072139303,,,,-0.410608977,0.091491094
Dsim,female,1.119,1.116,0.402,0.399,1.1175,0.4005,A,2.78358209,2.796992481,,,,-0.39739748,0.048247532
Dsim,female,1.257,1.282,0.426,0.409,1.2695,0.4175,A,2.950704225,3.134474328,,,,-0.37934352,0.103632705
Dsim,female,1.204,1.22,0.409,0.401,1.212,0.405,A,2.943765281,3.042394015,,,,-0.392544977,0.08350262
Dsim,female,1.235,1.228,0.406,0.406,1.2315,0.406,A,3.041871921,3.024630542,,,,-0.391473966,0.090434416
Dsim,female,1.186,1.155,0.388,0.381,1.1705,0.3845,A,3.056701031,3.031496063,,,,-0.415103656,0.068371418
Dsim,female,1.223,1.23,0.404,0.404,1.2265,0.404,A,3.027227723,3.044554455,,,,-0.393618635,0.088667553
Dsim,female,1.17,1.098,0.395,0.411,1.134,0.403,A,2.962025316,2.671532847,,,,-0.394694954,0.054613055
Dsim,female,1.151,1.167,0.41,0.415,1.159,0.4125,A,2.807317073,2.812048193,,,,-0.384576047,0.064083436
Dsim,female,1.103,1.112,0.387,0.384,1.1075,0.3855,A,2.850129199,2.895833333,,,,-0.413975618,0.044343735
Dsim,female,1.237,1.254,0.404,0.369,1.2455,0.3865,A,3.061881188,3.398373984,,,,-0.412850502,0.095343732
Dsim,female,1.161,1.182,0.411,0.408,1.1715,0.4095,A,2.824817518,2.897058824,,,,-0.387746094,0.068742293
Dsim,female,1.216,1.221,0.37,0.414,1.2185,0.392,A,3.286486486,2.949275362,,,,-0.406713933,0.085825534
Dsim,female,1.217,1.21,0.396,0.412,1.2135,0.404,A,3.073232323,2.936893204,,,,-0.393618635,0.084039781
Dsim,female,1.182,1.181,0.413,0.392,1.1815,0.4025,A,2.861985472,3.012755102,,,,-0.395234115,0.072433726
Dsim,female,1.115,1.104,0.401,0.402,1.1095,0.4015,A,2.780548628,2.746268657,,,,-0.39631445,0.045127307
Dsim,female,1.113,1.093,0.401,0.36,1.103,0.3805,A,2.775561097,3.036111111,,,,-0.419645339,0.042575512
Dsim,female,1.191,1.186,0.416,0.406,1.1885,0.411,A,2.862980769,2.921182266,,,,-0.386158178,0.074999186
Dsim,female,1.211,1.218,0.424,0.414,1.2145,0.419,A,2.856132075,2.942028986,,,,-0.377785977,0.084397519
Dsim,female,1.167,1.16,0.408,0.398,1.1635,0.403,A,2.860294118,2.914572864,,,,-0.394694954,0.065766388
Dsim,female,1.206,1.178,0.39,0.394,1.192,0.392,A,3.092307692,2.989847716,,,,-0.406713933,0.076276255
Dana,female,1.511,1.52,0.4658,0.484,1.5155,0.4749,A,3.243881494,3.140495868,,,,-0.32339783,0.180555941
Dana,female,1.63,1.634,0.511,0.5044,1.632,0.5077,A,3.189823875,3.239492466,,,,-0.294392837,0.212720154
Dana,female,1.6,1.603,0.4952,0.4954,1.6015,0.4953,A,3.231017771,3.235769075,,,,-0.305131672,0.204526943
Dana,female,1.625,1.61,0.5061,0.5054,1.6175,0.50575,A,3.2108279,3.185595568,,,,-0.296064109,0.208844289
Dana,female,1.614,1.633,0.5177,0.4971,1.6235,0.5074,A,3.117635696,3.285053309,,,,-0.294649537,0.210452293
Dana,female,1.587,1.598,0.4895,0.45,1.5925,0.46975,A,3.242083759,3.551111111,,,,-0.328133211,0.202079441
Dana,female,1.602,1.624,0.5196,0.4992,1.613,0.5094,A,3.083140878,3.253205128,,,,-0.292941059,0.207634367
Dana,female,1.644,1.638,0.5018,0.4933,1.641,0.49755,A,3.27620566,3.320494628,,,,-0.303163269,0.215108581
Dana,female,1.575,1.569,0.4897,0.4931,1.572,0.4914,A,3.21625485,3.181910363,,,,-0.308564848,0.196452542
Dana,female,1.596,1.589,0.4769,0.4905,1.5925,0.4837,A,3.346613546,3.239551478,,,,-0.315423913,0.202079441
Dana,female,1.58,1.611,0.4799,0.4624,1.5955,0.47115,A,3.292352573,3.48399654,,,,-0.326840805,0.202896809
Dana,female,1.572,1.556,0.4845,0.4732,1.564,0.47885,A,3.244582043,3.288250211,,,,-0.319800508,0.194236749
Dana,female,1.64,1.635,0.4933,0.4933,1.6375,0.4933,A,3.324548956,3.314413136,,,,-0.306888885,0.214181309
Dana,female,1.607,1.638,0.4944,0.4892,1.6225,0.4918,A,3.250404531,3.348323794,,,,-0.308211476,0.210184705
Dana,female,1.583,1.585,0.4706,0.4797,1.584,0.47515,A,3.363790905,3.304148426,,,,-0.323169266,0.199755177
Dana,female,1.531,1.6,0.4804,0.4983,1.5655,0.48935,A,3.18692756,3.210917118,,,,-0.310380407,0.194653072
Dana,female,1.61,1.634,0.5023,0.5171,1.622,0.5097,A,3.205255823,3.159930381,,,,-0.292685366,0.21005085
Dana,female,1.651,1.643,0.482,0.5114,1.647,0.4967,A,3.425311203,3.212749316,,,,-0.30390584,0.216693599
Dana,female,1.426,1.393,0.438,0.46,1.4095,0.449,A,3.255707763,3.02826087,,,,-0.347753659,0.14906508
Dana,female,1.33,1.313,0.418,0.431,1.3215,0.4245,A,3.181818182,3.046403712,,,,-0.372122305,0.121067167
Dana,female,1.472,1.467,0.481,0.482,1.4695,0.4815,A,3.06029106,3.043568465,,,,-0.317403709,0.16716959
Dana,female,1.376,1.389,0.468,0.463,1.3825,0.4655,A,2.94017094,3,,,,-0.332080315,0.14066514
Dana,female,1.229,1.225,0.413,0.398,1.227,0.4055,A,2.975786925,3.077889447,,,,-0.392009141,0.088844563
Dana,female,1.261,1.269,0.405,0.409,1.265,0.407,A,3.113580247,3.102689487,,,,-0.390405591,0.102090526
Dana,female,1.249,1.233,0.392,0.388,1.241,0.39,A,3.18622449,3.177835052,,,,-0.408935393,0.093771781
Dana,female,1.509,1.511,0.49,0.498,1.51,0.494,A,3.079591837,3.034136546,,,,-0.306273051,0.178976947
Dana,female,1.244,1.252,0.41,0.413,1.248,0.4115,A,3.034146341,3.031476998,,,,-0.38563016,0.096214585
Dana,female,1.441,1.446,0.448,0.439,1.4435,0.4435,A,3.216517857,3.293849658,,,,-0.353106376,0.159416788
Dana,female,1.173,1.171,0.388,0.399,1.172,0.3935,A,3.023195876,2.934837093,,,,-0.405055263,0.068927612
Dana,female,1.373,1.392,0.462,0.472,1.3825,0.467,A,2.971861472,2.949152542,,,,-0.330683119,0.14066514
Dana,female,1.352,1.357,0.444,0.441,1.3545,0.4425,A,3.045045045,3.077097506,,,,-0.354086725,0.131779009
Dana,female,1.326,1.331,0.446,0.424,1.3285,0.435,A,2.97309417,3.139150943,,,,-0.361510743,0.123361559
Dana,female,1.245,1.245,0.412,0.417,1.245,0.4145,A,3.02184466,2.985611511,,,,-0.382475465,0.095169351
Dana,female,1.105,1.118,0.35,0.341,1.1115,0.3455,A,3.157142857,3.278592375,,,,-0.461551948,0.045909467
Dana,female,1.228,1.229,0.414,0.414,1.2285,0.414,A,2.966183575,2.968599034,,,,-0.382999659,0.089375161
Dana,female,1.247,1.245,0.409,0.41,1.246,0.4095,A,3.048899756,3.036585366,,,,-0.387746094,0.095518042
Dana,female,1.334,1.339,0.44,0.437,1.3365,0.4385,A,3.031818182,3.064073227,,,,-0.358030402,0.125968963
Dana,female,1.212,1.2,0.39,0.387,1.206,0.3885,A,3.107692308,3.100775194,,,,-0.410608977,0.081347308
Dana,female,1.309,1.289,0.412,0.432,1.299,0.422,A,3.177184466,2.983796296,,,,-0.374687549,0.113609151
Dana,female,1.358,1.371,0.441,0.451,1.3645,0.446,A,3.079365079,3.039911308,,,,-0.350665141,0.13497354
Dana,female,1.226,1.226,0.428,0.37,1.226,0.399,A,2.864485981,3.313513514,,,,-0.399027104,0.08849047
Dana,female,1.346,1.331,0.406,0.45,1.3385,0.428,A,3.315270936,2.957777778,,,,-0.368556231,0.126618376
Dana,female,1.258,1.29,0.391,0.422,1.274,0.4065,A,3.217391304,3.056872038,,,,-0.39093945,0.105169428
Dana,female,1.32,1.301,0.425,0.41,1.3105,0.4175,A,3.105882353,3.173170732,,,,-0.37934352,0.117437025
Dana,female,1.375,1.371,0.448,0.457,1.373,0.4525,A,3.069196429,3,,,,-0.344381416,0.137670537
Dana,female,1.224,1.217,0.408,0.422,1.2205,0.415,A,3,2.883886256,,,,-0.381951903,0.086537784
Dana,female,1.215,1.203,0.417,0.402,1.209,0.4095,A,2.913669065,2.992537313,,,,-0.387746094,0.082426301
Dana,female,1.271,1.271,0.43,0.402,1.271,0.416,A,2.955813953,3.161691542,,,,-0.380906669,0.104145551
Dana,female,1.317,1.311,0.429,0.44,1.314,0.4345,A,3.06993007,2.979545455,,,,-0.362010219,0.118595365
Dana,female,1.321,1.319,0.445,0.418,1.32,0.4315,A,2.968539326,3.155502392,,,,-0.3650192,0.120573931
Dana,female,1.169,1.124,0.391,0.4,1.1465,0.3955,A,2.989769821,2.81,,,,-0.402853512,0.059374059
Dana,female,1.255,1.267,0.424,0.415,1.261,0.4195,A,2.95990566,3.053012048,,,,-0.377268035,0.100715087
Dana,female,1.201,1.209,0.414,0.42,1.205,0.417,A,2.900966184,2.878571429,,,,-0.379863945,0.080987047
Dana,female,1.46,1.463,0.47,0.457,1.4615,0.4635,A,3.106382979,3.20131291,,,,-0.333950262,0.16479882
Dana,female,1.264,1.278,0.4,0.422,1.271,0.411,A,3.16,3.028436019,,,,-0.386158178,0.104145551
Dana,female,1.258,1.277,0.411,0.412,1.2675,0.4115,A,3.060827251,3.099514563,,,,-0.38563016,0.102947968
Dana,female,1.243,1.245,0.404,0.414,1.244,0.409,A,3.076732673,3.007246377,,,,-0.388276692,0.09482038
Dana,female,1.297,1.303,0.422,0.397,1.3,0.4095,A,3.073459716,3.282115869,,,,-0.387746094,0.113943352
Dana,female,1.174,1.173,0.406,0.396,1.1735,0.401,A,2.891625616,2.962121212,,,,-0.396855627,0.069483094
Dana,female,1.376,1.374,0.447,0.455,1.375,0.451,A,3.078299776,3.01978022,,,,-0.345823458,0.138302698
Dana,female,1.283,1.283,0.432,0.433,1.283,0.4325,A,2.969907407,2.963048499,,,,-0.364013888,0.108226656
Dana,female,1.308,1.299,0.441,0.408,1.3035,0.4245,A,2.965986395,3.183823529,,,,-0.372122305,0.115111036
Dana,female,1.102,1.098,0.352,0.382,1.1,0.367,A,3.130681818,2.87434555,,,,-0.435333936,0.041392685
Dana,female,1.222,1.242,0.406,0.405,1.232,0.4055,A,3.009852217,3.066666667,,,,-0.392009141,0.090610708
Dana,female,1.424,1.408,0.456,0.454,1.416,0.455,A,3.122807018,3.101321586,,,,-0.341988603,0.151063253
Dana,female,1.465,1.466,0.444,0.496,1.4655,0.47,A,3.29954955,2.955645161,,,,-0.327902142,0.165985823
Dana,female,1.208,1.203,0.402,0.395,1.2055,0.3985,A,3.004975124,3.04556962,,,,-0.399571674,0.081167215
Dana,female,1.327,1.349,0.437,0.427,1.338,0.432,A,3.036613272,3.159250585,,,,-0.364516253,0.126456113
Dana,female,1.391,1.394,0.437,0.468,1.3925,0.4525,A,3.183066362,2.978632479,,,,-0.344381416,0.143795204
Dana,female,1.165,1.146,0.376,0.376,1.1555,0.376,A,3.098404255,3.04787234,,,,-0.424812155,0.06276995
Dana,female,1.287,1.29,0.421,0.431,1.2885,0.426,A,3.057007126,2.993039443,,,,-0.370590401,0.110084423
Dana,female,1.207,1.207,0.398,0.409,1.207,0.4035,A,3.032663317,2.951100244,,,,-0.394156461,0.08170727
Dana,female,1.437,1.431,0.483,0.481,1.434,0.482,A,2.97515528,2.975051975,,,,-0.316952962,0.156549151
Dana,female,1.212,1.198,0.415,0.415,1.205,0.415,A,2.920481928,2.886746988,,,,-0.381951903,0.080987047
Dana,female,1.302,1.301,0.418,0.407,1.3015,0.4125,A,3.114832536,3.196560197,,,,-0.384576047,0.114444172
Dana,female,1.155,1.159,0.392,0.383,1.157,0.3875,A,2.946428571,3.026109661,,,,-0.411728293,0.063333359
Dana,female,1.386,1.373,0.466,0.46,1.3795,0.463,A,2.974248927,2.984782609,,,,-0.334419009,0.139721705
Dana,female,1.432,1.42,0.473,0.477,1.426,0.475,A,3.027484144,2.976939203,,,,-0.32330639,0.154119526
Dana,female,1.288,1.286,0.422,0.422,1.287,0.422,A,3.052132701,3.047393365,,,,-0.374687549,0.109578547
Dana,female,1.308,1.303,0.418,0.42,1.3055,0.419,A,3.129186603,3.102380952,,,,-0.377785977,0.115776876
Dana,female,1.279,1.292,0.422,0.419,1.2855,0.4205,A,3.030805687,3.08353222,,,,-0.376234,0.109072081
Dana,female,1.216,1.222,0.393,0.401,1.219,0.397,A,3.094147583,3.047381546,,,,-0.401209493,0.086003706
Dana,female,1.375,1.384,0.441,0.458,1.3795,0.4495,A,3.117913832,3.021834061,,,,-0.347270304,0.139721705
Dana,female,1.345,1.334,0.458,0.443,1.3395,0.4505,A,2.936681223,3.011286682,,,,-0.346305205,0.126942718
Dana,female,1.511,1.495,0.478,0.486,1.503,0.482,A,3.161087866,3.076131687,,,,-0.316952962,0.176958981
Dana,female,1.413,1.397,0.455,0.457,1.405,0.456,A,3.105494505,3.056892779,,,,-0.341035157,0.147676324
Dana,female,1.238,1.245,0.42,0.388,1.2415,0.404,A,2.947619048,3.208762887,,,,-0.393618635,0.093946724
Dana,female,1.388,1.386,0.449,0.472,1.387,0.4605,A,3.091314031,2.936440678,,,,-0.336770365,0.142076461
Dana,female,1.193,1.204,0.405,0.42,1.1985,0.4125,A,2.945679012,2.866666667,,,,-0.384576047,0.078638038
Dana,female,1.434,1.441,0.483,0.467,1.4375,0.475,A,2.968944099,3.085653105,,,,-0.32330639,0.157607853
Dana,female,1.299,1.288,0.427,0.428,1.2935,0.4275,A,3.042154567,3.009345794,,,,-0.369063881,0.111766433
Dana,female,1.317,1.293,0.44,0.438,1.305,0.439,A,2.993181818,2.952054795,,,,-0.35753548,0.115610512
Dana,female,1.44,1.428,0.466,0.463,1.434,0.4645,A,3.090128755,3.084233261,,,,-0.333014282,0.156549151
Dana,female,1.4,1.397,0.45,0.446,1.3985,0.448,A,3.111111111,3.132286996,,,,-0.348721986,0.145662471
Dana,female,1.329,1.334,0.425,0.435,1.3315,0.43,A,3.127058824,3.066666667,,,,-0.366531544,0.124341171
Dana,female,1.206,1.213,0.393,0.395,1.2095,0.394,A,3.06870229,3.070886076,,,,-0.404503778,0.082605873
Dana,female,1.26,1.255,0.441,0.419,1.2575,0.43,A,2.857142857,2.99522673,,,,-0.366531544,0.099507994
Dana,female,1.416,1.397,0.477,0.45,1.4065,0.4635,A,2.968553459,3.104444444,,,,-0.333950262,0.148139737
Dana,female,1.403,1.381,0.452,0.465,1.392,0.4585,A,3.103982301,2.969892473,,,,-0.33866066,0.143639235
Dana,female,1.307,1.278,0.424,0.431,1.2925,0.4275,A,3.08254717,2.965197216,,,,-0.369063881,0.111430552
Dana,female,1.307,1.317,0.427,0.407,1.312,0.417,A,3.06088993,3.235872236,,,,-0.379863945,0.117933835
Dana,female,1.418,1.457,0.486,0.465,1.4375,0.4755,A,2.917695473,3.133333333,,,,-0.322849479,0.157607853
Dana,female,1.406,1.39,0.468,0.453,1.398,0.4605,A,3.004273504,3.068432671,,,,-0.336770365,0.145507171
Dana,female,1.292,1.283,0.431,0.425,1.2875,0.428,A,2.997679814,3.018823529,,,,-0.368556231,0.109747238
Dana,female,1.357,1.326,0.431,0.433,1.3415,0.432,A,3.148491879,3.062355658,,,,-0.364516253,0.127590677
Dana,female,1.311,1.301,0.417,0.431,1.306,0.424,A,3.143884892,3.018561485,,,,-0.372634143,0.115943177
Dana,female,1.38,1.402,0.45,0.459,1.391,0.4545,A,3.066666667,3.054466231,,,,-0.342466112,0.14332713
Dana,female,1.315,1.312,0.446,0.443,1.3135,0.4445,A,2.948430493,2.961625282,,,,-0.352128235,0.118430077
Dana,female,1.357,1.386,0.442,0.442,1.3715,0.442,A,3.070135747,3.135746606,,,,-0.354577731,0.137195812
Dana,female,1.299,1.299,0.414,0.406,1.299,0.41,A,3.137681159,3.199507389,,,,-0.387216143,0.113609151
Dana,female,1.405,1.406,0.481,0.467,1.4055,0.474,A,2.920997921,3.010706638,,,,-0.324221658,0.14783085
Dana,female,1.228,1.203,0.379,0.413,1.2155,0.396,A,3.240105541,2.91283293,,,,-0.402304814,0.084754963
Dana,female,1.413,1.39,0.447,0.456,1.4015,0.4515,A,3.161073826,3.048245614,,,,-0.345342245,0.146593102
Dana,female,1.242,1.246,0.409,0.416,1.244,0.4125,A,3.036674817,2.995192308,,,,-0.384576047,0.09482038
Dana,female,1.403,1.397,0.468,0.469,1.4,0.4685,A,2.997863248,2.978678038,,,,-0.329290405,0.146128036
Dana,female,1.475,1.494,0.5,0.48,1.4845,0.49,A,2.95,3.1125,,,,-0.30980392,0.171580202
Dana,female,1.507,1.524,0.484,0.49,1.5155,0.487,A,3.113636364,3.110204082,,,,-0.312471039,0.180555941
Dana,female,1.509,1.508,0.49,0.504,1.5085,0.497,A,3.079591837,2.992063492,,,,-0.303643611,0.178545315
Dana,female,1.29,1.284,0.439,0.445,1.287,0.442,A,2.938496583,2.885393258,,,,-0.354577731,0.109578547
Dana,female,1.522,1.508,0.474,0.481,1.515,0.4775,A,3.210970464,3.135135135,,,,-0.321026624,0.180412633
Dana,female,1.275,1.263,0.419,0.414,1.269,0.4165,A,3.042959427,3.050724638,,,,-0.380384994,0.103461622
Dana,female,1.524,1.527,0.487,0.502,1.5255,0.4945,A,3.12936345,3.041832669,,,,-0.305833704,0.183412212
Dana,female,1.463,1.459,0.486,0.482,1.461,0.484,A,3.010288066,3.026970954,,,,-0.315154638,0.164650216
Dana,female,1.328,1.35,0.416,0.426,1.339,0.421,A,3.192307692,3.169014085,,,,-0.375717904,0.126780577
Dana,female,1.497,1.497,0.481,0.487,1.497,0.484,A,3.112266112,3.073921971,,,,-0.315154638,0.1752218
Dana,female,1.402,1.389,0.477,0.465,1.3955,0.471,A,2.939203354,2.987096774,,,,-0.326979093,0.144729841
Dana,female,1.465,1.461,0.479,0.486,1.463,0.4825,A,3.058455115,3.00617284,,,,-0.316502682,0.165244326
Dana,female,1.461,1.449,0.456,0.478,1.455,0.467,A,3.203947368,3.031380753,,,,-0.330683119,0.162862993
Dana,female,1.313,1.306,0.453,0.434,1.3095,0.4435,A,2.898454746,3.00921659,,,,-0.353106376,0.117105503
Dana,female,1.432,1.467,0.468,0.486,1.4495,0.477,A,3.05982906,3.018518519,,,,-0.321481621,0.16121822
Dana,female,1.508,1.519,0.47,0.471,1.5135,0.4705,A,3.208510638,3.225053079,,,,-0.327440372,0.179982425
Dana,female,1.27,1.258,0.427,0.426,1.264,0.4265,A,2.974238876,2.953051643,,,,-0.370080964,0.101747074
Dana,female,1.429,1.437,0.47,0.447,1.433,0.4585,A,3.040425532,3.214765101,,,,-0.33866066,0.15624619
Dana,female,1.326,1.308,0.435,0.426,1.317,0.4305,A,3.048275862,3.070422535,,,,-0.366026844,0.119585775
Dana,female,1.389,1.397,0.461,0.452,1.393,0.4565,A,3.013015184,3.090707965,,,,-0.340559218,0.143951116
Dana,female,1.328,1.328,0.429,0.437,1.328,0.433,A,3.095571096,3.038901602,,,,-0.363512104,0.123198075
Dana,female,1.526,1.526,0.493,0.502,1.526,0.4975,A,3.095334686,3.039840637,,,,-0.303206915,0.183554534
Dana,female,1.302,1.276,0.435,0.434,1.289,0.4345,A,2.993103448,2.940092166,,,,-0.362010219,0.110252917
Dana,female,1.326,1.31,0.434,0.45,1.318,0.442,A,3.055299539,2.911111111,,,,-0.354577731,0.11991541
Dana,female,1.507,1.514,0.484,0.47,1.5105,0.477,A,3.113636364,3.221276596,,,,-0.321481621,0.17912073
Dana,female,1.49,1.48,0.489,0.48,1.485,0.4845,A,3.047034765,3.083333333,,,,-0.314706219,0.171726454
Dana,female,1.534,1.524,0.491,0.484,1.529,0.4875,A,3.124236253,3.148760331,,,,-0.31202538,0.184407485
Dana,female,1.351,1.331,0.45,0.451,1.341,0.4505,A,3.002222222,2.951219512,,,,-0.346305205,0.127428778
Dana,female,1.482,1.46,0.473,0.478,1.471,0.4755,A,3.133192389,3.054393305,,,,-0.322849479,0.167612673
Dana,female,1.328,1.326,0.433,0.435,1.327,0.434,A,3.066974596,3.048275862,,,,-0.36251027,0.122870923
Dana,female,1.521,1.536,0.492,0.488,1.5285,0.49,A,3.091463415,3.147540984,,,,-0.30980392,0.184265443
Dana,female,1.548,1.532,0.485,0.462,1.54,0.4735,A,3.191752577,3.316017316,,,,-0.324680017,0.187520721
Dana,female,1.459,1.464,0.462,0.47,1.4615,0.466,A,3.158008658,3.114893617,,,,-0.331614083,0.16479882
Dana,female,1.514,1.506,0.504,0.49,1.51,0.497,A,3.003968254,3.073469388,,,,-0.303643611,0.178976947
Dana,female,1.303,1.305,0.433,0.428,1.304,0.4305,A,3.009237875,3.049065421,,,,-0.366026844,0.115277591
Dana,female,1.499,1.491,0.486,0.458,1.495,0.472,A,3.08436214,3.255458515,,,,-0.326058001,0.174641193
Dana,female,1.306,1.327,0.433,0.452,1.3165,0.4425,A,3.016166282,2.935840708,,,,-0.354086725,0.119420863
Dana,female,1.498,1.501,0.522,0.495,1.4995,0.5085,A,2.869731801,3.032323232,,,,-0.293709043,0.17594647
Dana,female,1.54,1.534,0.482,0.479,1.537,0.4805,A,3.195020747,3.202505219,,,,-0.318306608,0.186673867
Dana,female,1.532,1.533,0.496,0.51,1.5325,0.503,A,3.088709677,3.005882353,,,,-0.298432015,0.185400483
Dana,female,1.46,1.461,0.486,0.483,1.4605,0.4845,A,3.004115226,3.02484472,,,,-0.314706219,0.164501561
Dana,female,1.377,1.349,0.452,0.462,1.363,0.457,A,3.046460177,2.91991342,,,,-0.3400838,0.134495856
Dana,female,1.505,1.499,0.472,0.459,1.502,0.4655,A,3.188559322,3.265795207,,,,-0.332080315,0.176669933
Dana,female,1.497,1.484,0.496,0.503,1.4905,0.4995,A,3.018145161,2.950298211,,,,-0.301464507,0.17333198
Dana,female,1.278,1.255,0.431,0.315,1.2665,0.373,A,2.965197216,3.984126984,,,,-0.428291168,0.102605194
Dana,female,1.309,1.315,0.442,0.416,1.312,0.429,A,2.961538462,3.161057692,,,,-0.367542708,0.117933835
Dana,female,1.326,1.322,0.445,0.449,1.324,0.447,A,2.979775281,2.944320713,,,,-0.349692477,0.121887985
Dana,female,1.335,1.333,0.444,0.442,1.334,0.443,A,3.006756757,3.015837104,,,,-0.353596274,0.12515583
Dana,female,1.522,1.511,0.488,0.481,1.5165,0.4845,A,3.118852459,3.141372141,,,,-0.314706219,0.180842415
Dana,female,1.295,1.303,0.428,0.423,1.299,0.4255,A,3.025700935,3.080378251,,,,-0.371100436,0.113609151
Dana,female,1.466,1.481,0.478,0.481,1.4735,0.4795,A,3.066945607,3.079002079,,,,-0.319211388,0.16835014
Dana,female,1.453,1.466,0.491,0.481,1.4595,0.486,A,2.959266802,3.047817048,,,,-0.313363731,0.164204099
Dana,female,1.462,1.465,0.466,0.482,1.4635,0.474,A,3.137339056,3.039419087,,,,-0.324221658,0.165392727
Dana,female,1.492,1.491,0.482,0.474,1.4915,0.478,A,3.095435685,3.14556962,,,,-0.320572103,0.173623258
Dvir,female,1.553,1.554,0.6134,0.6122,1.5535,0.6128,B,2.531790023,2.538386148,,,,-0.212681243,0.191311258
Dvir,female,1.622,1.6384,0.6321,0.6237,1.6302,0.6279,B,2.566049676,2.62690396,,,,-0.202109517,0.212240889
Dvir,female,1.583,1.592,0.5953,0.5816,1.5875,0.58845,B,2.659163447,2.737276479,,,,-0.230290433,0.200713734
Dvir,female,1.544,1.5481,0.5546,0.5499,1.54605,0.55225,B,2.78398846,2.815239134,,,,-0.257864275,0.189223535
Dvir,female,1.5951,1.593,0.6209,0.6141,1.59405,0.6175,B,2.569012723,2.594040059,,,,-0.209363038,0.20250194
Dvir,female,1.635,1.6116,0.5836,0.5933,1.6233,0.58845,B,2.801576422,2.716332378,,,,-0.230290433,0.210398789
Dvir,female,1.548,1.554,0.5313,0.5253,1.551,0.5283,B,2.913608131,2.958309537,,,,-0.277119389,0.190611798
Dvir,female,1.43,1.431,0.563,0.574,1.4305,0.5685,B,2.539964476,2.493031359,,,,-0.245269531,0.155487862
Dvir,female,1.374,1.362,0.557,0.527,1.368,0.542,B,2.466786355,2.584440228,,,,-0.266000713,0.136086097
Dvir,female,1.37,1.404,0.558,0.57,1.387,0.564,B,2.455197133,2.463157895,,,,-0.248720896,0.142076461
Dvir,female,1.409,1.382,0.559,0.541,1.3955,0.55,B,2.520572451,2.554528651,,,,-0.259637311,0.144729841
Dvir,female,1.343,1.336,0.544,0.5,1.3395,0.522,B,2.46875,2.672,,,,-0.282329497,0.126942718
Dvir,female,1.387,1.375,0.579,0.579,1.381,0.579,B,2.395509499,2.374784111,,,,-0.237321436,0.140193679
Dvir,female,1.289,1.325,0.533,0.529,1.307,0.531,B,2.418386492,2.504725898,,,,-0.274905479,0.116275588
Dvir,female,1.31,1.302,0.517,0.513,1.306,0.515,B,2.53384913,2.538011696,,,,-0.288192771,0.115943177
Dvir,female,1.4,1.39,0.542,0.537,1.395,0.5395,B,2.58302583,2.588454376,,,,-0.268008551,0.144574208
Dvir,female,1.358,1.371,0.547,0.553,1.3645,0.55,B,2.482632541,2.47920434,,,,-0.259637311,0.13497354
Dvir,female,1.264,1.276,0.521,0.5,1.27,0.5105,B,2.426103647,2.552,,,,-0.292004254,0.103803721
Dvir,female,1.361,1.384,0.558,0.543,1.3725,0.5505,B,2.4390681,2.548802947,,,,-0.259242677,0.137512353
Dvir,female,1.323,1.307,0.529,0.521,1.315,0.525,B,2.50094518,2.508637236,,,,-0.279840697,0.118925753
Dvir,female,1.291,1.305,0.511,0.499,1.298,0.505,B,2.526418787,2.615230461,,,,-0.296708622,0.113274692
Dvir,female,1.352,1.343,0.516,0.537,1.3475,0.5265,B,2.620155039,2.500931099,,,,-0.278601624,0.129528774
Dvir,female,1.268,1.204,0.558,0.547,1.236,0.5525,B,2.272401434,2.201096892,,,,-0.257667718,0.092018471
Dvir,female,1.36,1.373,0.558,0.584,1.3665,0.571,B,2.437275986,2.351027397,,,,-0.243363892,0.135609636
Dvir,female,1.347,1.305,0.531,0.529,1.326,0.53,B,2.536723164,2.466918715,,,,-0.27572413,0.122543524
Dvir,female,1.37,1.375,0.557,0.517,1.3725,0.537,B,2.459605027,2.659574468,,,,-0.270025714,0.137512353
Dvir,female,1.376,1.394,0.551,0.568,1.385,0.5595,B,2.497277677,2.454225352,,,,-0.252199909,0.141449773
Dvir,female,1.28,1.263,0.51,0.51,1.2715,0.51,B,2.509803922,2.476470588,,,,-0.292429824,0.104316365
Dvir,female,1.315,1.296,0.522,0.504,1.3055,0.513,B,2.519157088,2.571428571,,,,-0.289882635,0.115776876
Dvir,female,1.385,1.369,0.55,0.542,1.377,0.546,B,2.518181818,2.525830258,,,,-0.262807357,0.13893394
Dvir,female,1.372,1.375,0.511,0.527,1.3735,0.519,B,2.684931507,2.609108159,,,,-0.284832642,0.137828664
Dvir,female,1.255,1.29,0.505,0.53,1.2725,0.5175,B,2.485148515,2.433962264,,,,-0.286089646,0.104657791
Dvir,female,1.311,1.326,0.527,0.533,1.3185,0.53,B,2.487666034,2.487804878,,,,-0.27572413,0.120080134
Dvir,female,1.411,1.41,0.53,0.502,1.4105,0.516,B,2.662264151,2.80876494,,,,-0.287350298,0.14937309
Dvir,female,1.315,1.325,0.507,0.475,1.32,0.491,B,2.593688363,2.789473684,,,,-0.308918508,0.120573931
Dvir,female,1.303,1.231,0.542,0.505,1.267,0.5235,B,2.404059041,2.437623762,,,,-0.281083314,0.102776615
Dvir,female,1.317,1.339,0.533,0.529,1.328,0.531,B,2.470919325,2.531190926,,,,-0.274905479,0.123198075
Dvir,female,1.417,1.415,0.547,0.571,1.416,0.559,B,2.590493601,2.478108581,,,,-0.252588192,0.151063253
Dvir,female,1.256,1.252,0.507,0.503,1.254,0.505,B,2.477317554,2.489065606,,,,-0.296708622,0.098297536
Dvir,female,1.268,1.256,0.497,0.511,1.262,0.504,B,2.551307847,2.457925636,,,,-0.297569464,0.101059355
Dvir,female,1.443,1.432,0.57,0.574,1.4375,0.572,B,2.531578947,2.494773519,,,,-0.242603971,0.157607853
Dvir,female,1.397,1.394,0.532,0.549,1.3955,0.5405,B,2.62593985,2.539162113,,,,-0.267204302,0.144729841
Dvir,female,1.405,1.388,0.559,0.561,1.3965,0.56,B,2.513416816,2.474153298,,,,-0.251811973,0.14504094
Dvir,female,1.391,1.402,0.567,0.554,1.3965,0.5605,B,2.453262787,2.530685921,,,,-0.251424383,0.14504094
Dvir,female,1.493,1.478,0.608,0.58,1.4855,0.594,B,2.455592105,2.548275862,,,,-0.226213555,0.171872656
Dvir,female,1.521,1.483,0.585,0.614,1.502,0.5995,B,2.6,2.415309446,,,,-0.222210813,0.176669933
Dvir,female,1.479,1.506,0.58,0.623,1.4925,0.6015,B,2.55,2.417335474,,,,-0.220764368,0.17391434
Dvir,female,1.511,1.446,0.604,0.588,1.4785,0.596,B,2.501655629,2.459183673,,,,-0.22475374,0.169821329
Dvir,female,1.542,1.532,0.596,0.593,1.537,0.5945,B,2.587248322,2.583473862,,,,-0.225848141,0.186673867
Dvir,female,1.54,1.515,0.621,0.601,1.5275,0.611,B,2.479871176,2.520798669,,,,-0.21395879,0.183981219
Dvir,female,1.474,1.482,0.601,0.596,1.478,0.5985,B,2.452579035,2.486577181,,,,-0.222935845,0.169674434
Dvir,female,1.433,1.453,0.591,0.576,1.443,0.5835,B,2.424703892,2.522569444,,,,-0.23395914,0.159266331
Dvir,female,1.428,1.406,0.557,0.561,1.417,0.559,B,2.563734291,2.506238859,,,,-0.252588192,0.15136985
Dvir,female,1.36,1.38,0.58,0.529,1.37,0.5545,B,2.344827586,2.608695652,,,,-0.25609845,0.136720567
Dvir,female,1.434,1.439,0.568,0.549,1.4365,0.5585,B,2.524647887,2.621129326,,,,-0.252976823,0.15730563
Dvir,female,1.271,1.259,0.523,0.513,1.265,0.518,B,2.430210325,2.454191033,,,,-0.28567024,0.102090526
Dvir,female,1.309,1.332,0.562,0.569,1.3205,0.5655,B,2.329181495,2.340949033,,,,-0.247567391,0.120738406
Dvir,female,1.283,1.31,0.525,0.522,1.2965,0.5235,B,2.443809524,2.509578544,,,,-0.281083314,0.112772521
Dvir,female,1.313,1.35,0.577,0.539,1.3315,0.558,B,2.275563258,2.504638219,,,,-0.253365801,0.124341171
Dvir,female,1.355,1.322,0.532,0.543,1.3385,0.5375,B,2.546992481,2.434622468,,,,-0.269621531,0.126618376
Dvir,female,1.256,1.277,0.51,0.523,1.2665,0.5165,B,2.462745098,2.4416826,,,,-0.286929674,0.102605194
Dvir,female,1.465,1.484,0.58,0.598,1.4745,0.589,B,2.525862069,2.481605351,,,,-0.229884705,0.168644777
Dvir,female,1.334,1.331,0.531,0.503,1.3325,0.517,B,2.512241055,2.64612326,,,,-0.286509457,0.124667218
Dvir,female,1.337,1.365,0.528,0.547,1.351,0.5375,B,2.53219697,2.495429616,,,,-0.269621531,0.130655349
Dvir,female,1.313,1.323,0.539,0.542,1.318,0.5405,B,2.435992579,2.44095941,,,,-0.267204302,0.11991541
Dvir,female,1.486,1.495,0.587,0.613,1.4905,0.6,B,2.531516184,2.438825449,,,,-0.22184875,0.17333198
Dvir,female,1.488,1.492,0.554,0.548,1.49,0.551,B,2.685920578,2.722627737,,,,-0.258848401,0.173186268
Dvir,female,1.322,1.346,0.551,0.527,1.334,0.539,B,2.399274047,2.554079696,,,,-0.268411235,0.12515583
Dvir,female,1.513,1.52,0.59,0.563,1.5165,0.5765,B,2.56440678,2.69982238,,,,-0.239200688,0.180842415
Dvir,female,1.351,1.327,0.539,0.552,1.339,0.5455,B,2.506493506,2.403985507,,,,-0.263205245,0.126780577
Dvir,female,1.409,1.449,0.583,0.588,1.429,0.5855,B,2.416809605,2.464285714,,,,-0.232473101,0.155032229
Dvir,female,1.529,1.531,0.602,0.588,1.53,0.595,B,2.53986711,2.603741497,,,,-0.225483034,0.184691431
Dvir,female,1.398,1.367,0.572,0.552,1.3825,0.562,B,2.444055944,2.476449275,,,,-0.250263684,0.14066514
Dvir,female,1.389,1.416,0.571,0.534,1.4025,0.5525,B,2.432574431,2.651685393,,,,-0.257667718,0.14690287
Dvir,female,1.413,1.428,0.566,0.55,1.4205,0.558,B,2.496466431,2.596363636,,,,-0.253365801,0.152441238
Dvir,female,1.502,1.496,0.582,0.602,1.499,0.592,B,2.580756014,2.485049834,,,,-0.227678293,0.175801633
Dvir,female,1.457,1.464,0.571,0.547,1.4605,0.559,B,2.551663748,2.676416819,,,,-0.252588192,0.164501561
Dvir,female,1.311,1.294,0.506,0.511,1.3025,0.5085,B,2.590909091,2.532289628,,,,-0.293709043,0.114777732
Dvir,female,1.256,1.239,0.511,0.522,1.2475,0.5165,B,2.457925636,2.373563218,,,,-0.286929674,0.096040554
Dvir,female,1.376,1.361,0.534,0.545,1.3685,0.5395,B,2.576779026,2.497247706,,,,-0.268008551,0.136244802
Dvir,female,1.364,1.379,0.573,0.546,1.3715,0.5595,B,2.380453752,2.525641026,,,,-0.252199909,0.137195812
Dvir,female,1.427,1.467,0.527,0.507,1.447,0.517,B,2.707779886,2.893491124,,,,-0.286509457,0.160468531
Dvir,female,1.351,1.338,0.574,0.555,1.3445,0.5645,B,2.353658537,2.410810811,,,,-0.248336054,0.128560807
Dvir,female,1.405,1.391,0.569,0.554,1.398,0.5615,B,2.469244288,2.510830325,,,,-0.250650239,0.145507171
Dvir,female,1.349,1.341,0.56,0.557,1.345,0.5585,B,2.408928571,2.407540395,,,,-0.252976823,0.128722284
Dvir,female,1.478,1.457,0.574,0.572,1.4675,0.573,B,2.574912892,2.547202797,,,,-0.241845378,0.16657811
Dvir,female,1.518,1.528,0.584,0.574,1.523,0.579,B,2.599315068,2.662020906,,,,-0.237321436,0.182699903
Dvir,female,1.529,1.562,0.636,0.576,1.5455,0.606,B,2.40408805,2.711805556,,,,-0.217527376,0.189069009
Dvir,female,1.524,1.494,0.578,0.542,1.509,0.56,B,2.636678201,2.756457565,,,,-0.251811973,0.17868924
Dvir,female,1.422,1.436,0.563,0.613,1.429,0.588,B,2.525754885,2.342577488,,,,-0.230622674,0.155032229
Dvir,female,1.397,1.394,0.538,0.53,1.3955,0.534,B,2.596654275,2.630188679,,,,-0.272458743,0.144729841
Dvir,female,1.379,1.403,0.57,0.579,1.391,0.5745,B,2.419298246,2.423143351,,,,-0.240709967,0.14332713
Dvir,female,1.534,1.538,0.558,0.593,1.536,0.5755,B,2.749103943,2.593591906,,,,-0.239954672,0.186391216
Dvir,female,1.436,1.463,0.588,0.58,1.4495,0.584,B,2.442176871,2.522413793,,,,-0.233587153,0.16121822
Dvir,female,1.503,1.504,0.551,0.589,1.5035,0.57,B,2.727767695,2.553480475,,,,-0.244125144,0.177103432
Dvir,female,1.289,1.293,0.521,0.536,1.291,0.5285,B,2.474088292,2.412313433,,,,-0.276955008,0.110926242
Dvir,female,1.354,1.336,0.535,0.513,1.345,0.524,B,2.530841121,2.604288499,,,,-0.280668713,0.128722284
Dvir,female,1.267,1.273,0.49,0.49,1.27,0.49,B,2.585714286,2.597959184,,,,-0.30980392,0.103803721
Dvir,female,1.229,1.29,0.533,0.505,1.2595,0.519,B,2.305816135,2.554455446,,,,-0.284832642,0.100198172
Dvir,female,1.392,1.379,0.527,0.565,1.3855,0.546,B,2.641366224,2.440707965,,,,-0.262807357,0.14160653
Dvir,female,1.299,1.294,0.538,0.555,1.2965,0.5465,B,2.414498141,2.331531532,,,,-0.262409834,0.112772521
Dvir,female,1.392,1.406,0.549,0.559,1.399,0.554,B,2.535519126,2.515205725,,,,-0.256490235,0.145817714
Dvir,female,1.377,1.348,0.561,0.556,1.3625,0.5585,B,2.454545455,2.424460432,,,,-0.252976823,0.134336511
Dvir,female,1.391,1.412,0.563,0.558,1.4015,0.5605,B,2.470692718,2.53046595,,,,-0.251424383,0.146593102
Dvir,female,1.307,1.32,0.512,0.525,1.3135,0.5185,B,2.552734375,2.514285714,,,,-0.285251239,0.118430077
Dvir,female,1.389,1.373,0.538,0.542,1.381,0.54,B,2.581784387,2.533210332,,,,-0.26760624,0.140193679
Dvir,female,1.301,1.294,0.534,0.519,1.2975,0.5265,B,2.436329588,2.493256262,,,,-0.278601624,0.113107367
Dvir,female,1.377,1.374,0.552,0.555,1.3755,0.5535,B,2.494565217,2.475675676,,,,-0.256882375,0.138460595
Dvir,female,1.484,1.46,0.56,0.579,1.472,0.5695,B,2.65,2.521588946,,,,-0.244506272,0.16790781
Dvir,female,1.347,1.366,0.531,0.537,1.3565,0.534,B,2.536723164,2.543761639,,,,-0.272458743,0.132419798
Dvir,female,1.261,1.239,0.483,0.497,1.25,0.49,B,2.610766046,2.492957746,,,,-0.30980392,0.096910013
Dvir,female,1.287,1.296,0.505,0.493,1.2915,0.499,B,2.548514851,2.628803245,,,,-0.301899454,0.111094411
Dvir,female,1.506,1.508,0.587,0.573,1.507,0.58,B,2.565587734,2.631762653,,,,-0.236572006,0.178113252
Dvir,female,1.376,1.407,0.552,0.569,1.3915,0.5605,B,2.492753623,2.472759227,,,,-0.251424383,0.143483211
Dvir,female,1.305,1.306,0.503,0.52,1.3055,0.5115,B,2.5944334,2.511538462,,,,-0.291154362,0.115776876
Dvir,female,1.427,1.429,0.576,0.58,1.428,0.578,B,2.477430556,2.463793103,,,,-0.238072162,0.154728207
Dvir,female,1.281,1.282,0.529,0.529,1.2815,0.529,B,2.421550095,2.423440454,,,,-0.276544328,0.107718611
Dvir,female,1.347,1.337,0.54,0.524,1.342,0.532,B,2.494444444,2.551526718,,,,-0.274088368,0.127752516
Dvir,female,1.435,1.411,0.57,0.556,1.423,0.563,B,2.51754386,2.537769784,,,,-0.249491605,0.1532049
Dvir,female,1.364,1.37,0.543,0.527,1.367,0.535,B,2.511970534,2.599620493,,,,-0.271646218,0.135768515
Dvir,female,1.344,1.332,0.525,0.522,1.338,0.5235,B,2.56,2.551724138,,,,-0.281083314,0.126456113
Dvir,female,1.136,1.143,0.481,0.47,1.1395,0.4755,B,2.361746362,2.431914894,,,,-0.322849479,0.05671433
Dvir,female,1.35,1.338,0.528,0.537,1.344,0.5325,B,2.556818182,2.491620112,,,,-0.273680388,0.128399269
Dvir,female,1.345,1.348,0.551,0.535,1.3465,0.543,B,2.441016334,2.519626168,,,,-0.26520017,0.129206358
Dvir,female,1.444,1.446,0.552,0.57,1.445,0.561,B,2.615942029,2.536842105,,,,-0.251037139,0.159867847
Dvir,female,1.317,1.314,0.508,0.531,1.3155,0.5195,B,2.592519685,2.474576271,,,,-0.284414448,0.119090852
Dvir,female,1.334,1.332,0.524,0.535,1.333,0.5295,B,2.545801527,2.489719626,,,,-0.276134036,0.124830149
Dvir,female,1.32,1.323,0.529,0.515,1.3215,0.522,B,2.495274102,2.568932039,,,,-0.282329497,0.121067167
Dvir,female,1.374,1.367,0.542,0.555,1.3705,0.5485,B,2.535055351,2.463063063,,,,-0.260823368,0.13687904
Dvir,female,1.3,1.317,0.523,0.523,1.3085,0.523,B,2.485659656,2.518164436,,,,-0.281498311,0.116773727
Dvir,female,1.304,1.292,0.534,0.51,1.298,0.522,B,2.441947566,2.533333333,,,,-0.282329497,0.113274692
Dvir,female,1.498,1.485,0.604,0.594,1.4915,0.599,B,2.48013245,2.5,,,,-0.222573178,0.173623258
Dvir,female,1.455,1.433,0.569,0.57,1.444,0.5695,B,2.55711775,2.514035088,,,,-0.244506272,0.159567193
Dvir,female,1.364,1.367,0.516,0.537,1.3655,0.5265,B,2.643410853,2.545623836,,,,-0.278601624,0.135291704
Dvir,female,1.17,1.161,0.465,0.467,1.1655,0.466,B,2.516129032,2.48608137,,,,-0.331614083,0.066512278
Dvir,female,1.343,1.332,0.526,0.535,1.3375,0.5305,B,2.553231939,2.489719626,,,,-0.275314612,0.126293791
Dvir,female,1.346,1.321,0.527,0.525,1.3335,0.526,B,2.554079696,2.516190476,,,,-0.279014256,0.12499302
Dvir,female,1.296,1.302,0.516,0.499,1.299,0.5075,B,2.511627907,2.609218437,,,,-0.294563953,0.113609151
Dvir,female,1.384,1.385,0.571,0.557,1.3845,0.564,B,2.423817863,2.486535009,,,,-0.248720896,0.14129296
Dvir,female,1.354,1.362,0.548,0.526,1.358,0.537,B,2.47080292,2.589353612,,,,-0.270025714,0.13289977
Dvir,female,1.268,1.259,0.523,0.514,1.2635,0.5185,B,2.424474187,2.449416342,,,,-0.285251239,0.101575246
Dvir,female,1.397,1.424,0.555,0.57,1.4105,0.5625,B,2.517117117,2.498245614,,,,-0.249877473,0.14937309
Dvir,female,1.286,1.319,0.532,0.501,1.3025,0.5165,B,2.417293233,2.632734531,,,,-0.286929674,0.114777732
Dvir,female,1.24,1.226,0.501,0.507,1.233,0.504,B,2.4750499,2.418145957,,,,-0.297569464,0.090963077
Dvir,female,1.44,1.444,0.566,0.564,1.442,0.565,B,2.544169611,2.560283688,,,,-0.247951552,0.15896526
Dvir,female,1.386,1.358,0.54,0.537,1.372,0.5385,B,2.566666667,2.52886406,,,,-0.268814292,0.137354111
Dvir,female,1.389,1.382,0.564,0.565,1.3855,0.5645,B,2.462765957,2.446017699,,,,-0.248336054,0.14160653
Dvir,female,1.209,1.241,0.502,0.494,1.225,0.498,B,2.408366534,2.512145749,,,,-0.302770657,0.088136089
Dvir,female,1.402,1.364,0.539,0.552,1.383,0.5455,B,2.601113173,2.471014493,,,,-0.263205245,0.14082218
Dvir,female,1.432,1.402,0.569,0.567,1.417,0.568,B,2.516695958,2.472663139,,,,-0.245651664,0.15136985
Dvir,female,1.359,1.362,0.566,0.55,1.3605,0.558,B,2.401060071,2.476363636,,,,-0.253365801,0.133698546
Dvir,female,1.252,1.23,0.515,0.503,1.241,0.509,B,2.431067961,2.445328032,,,,-0.293282218,0.093771781
Dvir,female,1.303,1.357,0.548,0.557,1.33,0.5525,B,2.377737226,2.436265709,,,,-0.257667718,0.123851641
Dvir,female,1.46,1.466,0.557,0.571,1.463,0.564,B,2.621184919,2.567425569,,,,-0.248720896,0.165244326
Dvir,female,1.368,1.37,0.526,0.549,1.369,0.5375,B,2.600760456,2.495446266,,,,-0.269621531,0.136403448
Dvir,female,1.19,1.2,0.481,0.502,1.195,0.4915,B,2.474012474,2.390438247,,,,-0.308476478,0.077367905
