specie,sex,wing_1,wing_2,tibia_1,tibia_2,mean_wing,mean_tibia,evolution,ratio_lw_lt,ratio_rw_rt,,log_tibia,log_wing
Dmel,male,1.262,1.263,0.3977,0.4206,1.2625,0.40915,A,3.173246165,3.002853067,,-0.388117444,0.101231387
Dmel,male,1.279,1.262,0.4261,0.4168,1.2705,0.42145,A,3.001642807,3.027831094,,-0.375253942,0.103974669
Dmel,male,1.323,1.323,0.4311,0.4469,1.323,0.439,A,3.068893528,2.960393824,,-0.35753548,0.121559844
Dmel,male,1.302,1.291,0.4298,0.3932,1.2965,0.4115,A,3.029315961,3.283316378,,-0.38563016,0.112772521
Dmel,male,1.292,1.299,0.4266,0.431,1.2955,0.4288,A,3.028598218,3.013921114,,-0.367745223,0.112437417
Dmel,male,1.37,1.394,0.593,0.4595,1.382,0.52625,A,2.310286678,3.033732318,,-0.278807891,0.140508043
Dmel,male,1.357,1.351,0.4666,0.4355,1.354,0.45105,A,2.90827261,3.102181401,,-0.345775313,0.131618664
Dmel,male,1.375,1.375,0.4406,0.4644,1.375,0.4525,A,3.120744439,2.960809647,,-0.344381416,0.138302698
Dmel,male,1.369,1.352,0.4662,0.4609,1.3605,0.46355,A,2.936507937,2.933391191,,-0.333903415,0.133698546
Dmel,male,1.38,1.38,0.4378,0.4803,1.38,0.45905,A,3.152124258,2.873204247,,-0.338140008,0.139879086
Dmel,male,1.337,1.33,0.4457,0.4412,1.3335,0.44345,A,2.999775634,3.014505893,,-0.353155341,0.12499302
Dmel,male,1.375,1.345,0.434,0.4568,1.36,0.4454,A,3.168202765,2.944395797,,-0.351249787,0.133538908
Dmel,male,1.33,1.362,0.4339,0.4446,1.346,0.43925,A,3.065222401,3.0634278,,-0.35728823,0.12904506
Dmel,male,1.322,1.335,0.423,0.4142,1.3285,0.4186,A,3.125295508,3.223080637,,-0.378200776,0.123361559
Dmel,male,1.329,1.336,0.447,0.4669,1.3325,0.45695,A,2.973154362,2.86142643,,-0.340131318,0.124667218
Dmel,male,1.185,1.192,0.418,0.409,1.1885,0.4135,A,2.83492823,2.914425428,,-0.383524486,0.074999186
Dmel,male,1.258,1.266,0.451,0.43,1.262,0.4405,A,2.789356984,2.944186047,,-0.356054087,0.101059355
Dmel,male,1.173,1.191,0.409,0.419,1.182,0.414,A,2.86797066,2.8424821,,-0.382999659,0.072617477
Dmel,male,1.123,1.095,0.394,0.402,1.109,0.398,A,2.850253807,2.723880597,,-0.400116928,0.044931546
Dmel,male,1.271,1.27,0.427,0.452,1.2705,0.4395,A,2.976580796,2.809734513,,-0.357041121,0.103974669
Dmel,male,1.248,1.232,0.432,0.409,1.24,0.4205,A,2.888888889,3.012224939,,-0.376234,0.093421685
Dmel,male,1.273,1.272,0.444,0.439,1.2725,0.4415,A,2.867117117,2.897494305,,-0.355069292,0.104657791
Dmel,male,1.235,1.215,0.431,0.435,1.225,0.433,A,2.865429234,2.793103448,,-0.363512104,0.088136089
Dmel,male,1.123,1.128,0.379,0.36,1.1255,0.3695,A,2.963060686,3.133333333,,-0.432385557,0.051345499
Dmel,male,1.296,1.293,0.456,0.449,1.2945,0.4525,A,2.842105263,2.879732739,,-0.344381416,0.112102055
Dmel,male,1.247,1.253,0.433,0.442,1.25,0.4375,A,2.879907621,2.834841629,,-0.359021943,0.096910013
Dmel,male,1.263,1.262,0.454,0.44,1.2625,0.447,A,2.781938326,2.868181818,,-0.349692477,0.101231387
Dmel,male,1.26,1.264,0.437,0.437,1.262,0.437,A,2.883295195,2.892448513,,-0.359518563,0.101059355
Dmel,male,1.283,1.309,0.466,0.454,1.296,0.46,A,2.753218884,2.883259912,,-0.337242168,0.112605002
Dmel,male,1.262,1.285,0.458,0.421,1.2735,0.4395,A,2.755458515,3.052256532,,-0.357041121,0.104998949
Dmel,male,1.279,1.304,0.444,0.457,1.2915,0.4505,A,2.880630631,2.853391685,,-0.346305205,0.111094411
Dmel,male,1.262,1.245,0.44,0.434,1.2535,0.437,A,2.868181818,2.868663594,,-0.359518563,0.098124338
Dmel,male,1.251,1.218,0.459,0.429,1.2345,0.444,A,2.725490196,2.839160839,,-0.35261703,0.091491094
Dmel,male,1.302,1.276,0.444,0.445,1.289,0.4445,A,2.932432432,2.86741573,,-0.352128235,0.110252917
Dmel,male,1.271,1.283,0.445,0.452,1.277,0.4485,A,2.856179775,2.838495575,,-0.348237553,0.106190897
Dmel,male,1.279,1.272,0.437,0.454,1.2755,0.4455,A,2.926773455,2.801762115,,-0.351152292,0.105680463
Dmel,male,1.249,1.264,0.448,0.451,1.2565,0.4495,A,2.787946429,2.802660754,,-0.347270304,0.099162493
Dmel,male,1.226,1.226,0.413,0.4,1.226,0.4065,A,2.968523002,3.065,,-0.39093945,0.08849047
Dmel,male,1.266,1.221,0.422,0.45,1.2435,0.436,A,3,2.713333333,,-0.360513511,0.09464579
Dmel,male,1.18,1.194,0.397,0.422,1.187,0.4095,A,2.972292191,2.829383886,,-0.387746094,0.074450719
Dmel,male,1.259,1.276,0.437,0.447,1.2675,0.442,A,2.881006865,2.85458613,,-0.354577731,0.102947968
Dmel,male,1.117,1.111,0.364,0.389,1.114,0.3765,A,3.068681319,2.856041131,,-0.424235019,0.046885191
Dmel,male,1.232,1.225,0.425,0.409,1.2285,0.417,A,2.898823529,2.995110024,,-0.379863945,0.089375161
Dmel,male,1.282,1.296,0.459,0.43,1.289,0.4445,A,2.793028322,3.013953488,,-0.352128235,0.110252917
Dmel,male,1.201,1.137,0.42,0.379,1.169,0.3995,A,2.85952381,3,,-0.398483216,0.067814511
Dmel,male,1.196,1.216,0.414,0.427,1.206,0.4205,A,2.888888889,2.847775176,,-0.376234,0.081347308
Dmel,male,1.143,1.144,0.4,0.408,1.1435,0.404,A,2.8575,2.803921569,,-0.393618635,0.058236169
Dmel,male,1.251,1.253,0.408,0.439,1.252,0.4235,A,3.066176471,2.854214123,,-0.373146585,0.097604329
Dmel,male,1.25,1.26,0.436,0.427,1.255,0.4315,A,2.866972477,2.950819672,,-0.3650192,0.098643726
Dmel,male,1.279,1.322,0.443,0.461,1.3005,0.452,A,2.887133183,2.867678959,,-0.344861565,0.114110357
Dmel,male,1.242,1.264,0.419,0.403,1.253,0.411,A,2.964200477,3.136476427,,-0.386158178,0.097951071
Dmel,male,1.282,1.293,0.448,0.447,1.2875,0.4475,A,2.861607143,2.89261745,,-0.34920696,0.109747238
Dmel,male,1.134,1.131,0.398,0.4,1.1325,0.399,A,2.849246231,2.8275,,-0.399027104,0.054038211
Dmel,male,1.236,1.221,0.415,0.422,1.2285,0.4185,A,2.978313253,2.893364929,,-0.378304538,0.089375161
Dmel,male,1.21,1.2,0.416,0.43,1.205,0.423,A,2.908653846,2.790697674,,-0.373659633,0.080987047
Dmel,male,1.294,1.323,0.445,0.462,1.3085,0.4535,A,2.907865169,2.863636364,,-0.343422709,0.116773727
Dmel,male,1.22,1.21,0.407,0.431,1.215,0.419,A,2.997542998,2.807424594,,-0.377785977,0.084576278
Dmel,male,1.099,1.109,0.386,0.376,1.104,0.381,A,2.847150259,2.949468085,,-0.419075024,0.042969073
Dmel,male,1.22,1.246,0.441,0.465,1.233,0.453,A,2.766439909,2.679569892,,-0.343901798,0.090963077
Dmel,male,1.217,1.232,0.436,0.447,1.2245,0.4415,A,2.791284404,2.756152125,,-0.355069292,0.087958789
Dmel,male,1.233,1.212,0.422,0.424,1.2225,0.423,A,2.921800948,2.858490566,,-0.373659633,0.087248868
Dmel,male,1.172,1.17,0.415,0.415,1.171,0.415,A,2.824096386,2.819277108,,-0.381951903,0.068556895
Dmel,male,1.203,1.207,0.43,0.426,1.205,0.428,A,2.797674419,2.833333333,,-0.368556231,0.080987047
Dmel,male,1.194,1.179,0.429,0.44,1.1865,0.4345,A,2.783216783,2.679545455,,-0.362010219,0.074267743
Dmel,male,1.165,1.14,0.402,0.403,1.1525,0.4025,A,2.89800995,2.828784119,,-0.395234115,0.061640934
Dmel,male,1.228,1.239,0.415,0.436,1.2335,0.4255,A,2.959036145,2.841743119,,-0.371100436,0.091139154
Dmel,male,1.198,1.2,0.425,0.431,1.199,0.428,A,2.818823529,2.784222738,,-0.368556231,0.078819183
Dmel,male,1.17,1.161,0.398,0.411,1.1655,0.4045,A,2.939698492,2.824817518,,-0.393081474,0.066512278
Dmel,male,1.235,1.23,0.423,0.415,1.2325,0.419,A,2.919621749,2.963855422,,-0.377785977,0.090786928
Dmel,male,1.201,1.208,0.416,0.445,1.2045,0.4305,A,2.887019231,2.714606742,,-0.366026844,0.080806804
Dmel,male,1.215,1.199,0.416,0.43,1.207,0.423,A,2.920673077,2.788372093,,-0.373659633,0.08170727
Dmel,male,1.217,1.211,0.429,0.427,1.214,0.428,A,2.836829837,2.836065574,,-0.368556231,0.084218687
Dmel,male,1.189,1.215,0.448,0.401,1.202,0.4245,A,2.654017857,3.029925187,,-0.372122305,0.079904468
Dmel,male,1.214,1.205,0.432,0.443,1.2095,0.4375,A,2.810185185,2.720090293,,-0.359021943,0.082605873
Dmel,male,1.183,1.19,0.416,0.429,1.1865,0.4225,A,2.84375,2.773892774,,-0.374173287,0.074267743
Dmel,male,1.23,1.212,0.422,0.416,1.221,0.419,A,2.914691943,2.913461538,,-0.377785977,0.086715664
Dmel,male,1.174,1.196,0.406,0.422,1.185,0.414,A,2.891625616,2.834123223,,-0.382999659,0.07371835
Dmel,male,1.134,1.135,0.397,0.404,1.1345,0.4005,A,2.856423174,2.809405941,,-0.39739748,0.0548045
Dmel,male,1.274,1.269,0.455,0.456,1.2715,0.4555,A,2.8,2.782894737,,-0.341511619,0.104316365
Dmel,male,1.184,1.178,0.417,0.413,1.181,0.415,A,2.839328537,2.852300242,,-0.381951903,0.072249898
Dmel,male,1.236,1.242,0.437,0.438,1.239,0.4375,A,2.828375286,2.835616438,,-0.359021943,0.093071306
Dmel,male,1.291,1.282,0.464,0.47,1.2865,0.467,A,2.782327586,2.727659574,,-0.330683119,0.109409791
Dmel,male,1.252,1.255,0.373,0.458,1.2535,0.4155,A,3.356568365,2.740174672,,-0.381428972,0.098124338
Dmel,male,1.217,1.208,0.423,0.444,1.2125,0.4335,A,2.877068558,2.720720721,,-0.363010898,0.083681747
Dmel,male,1.246,1.235,0.43,0.423,1.2405,0.4265,A,2.897674419,2.919621749,,-0.370080964,0.093596769
Dmel,male,1.256,1.257,0.438,0.458,1.2565,0.448,A,2.867579909,2.744541485,,-0.348721986,0.099162493
Dmel,male,1.291,1.281,0.462,0.447,1.286,0.4545,A,2.794372294,2.865771812,,-0.342466112,0.109240969
Dmel,male,1.209,1.203,0.403,0.417,1.206,0.41,A,3,2.884892086,,-0.387216143,0.081347308
Dmel,male,1.247,1.251,0.438,0.442,1.249,0.44,A,2.847031963,2.830316742,,-0.356547324,0.096562438
Dmel,male,1.171,1.158,0.415,0.402,1.1645,0.4085,A,2.821686747,2.880597015,,-0.388807939,0.066139493
Dmel,male,1.274,1.293,0.446,0.441,1.2835,0.4435,A,2.856502242,2.931972789,,-0.353106376,0.108395873
Dmel,male,1.261,1.268,0.449,0.449,1.2645,0.449,A,2.808463252,2.824053452,,-0.347753659,0.101918834
Dmel,male,1.291,1.286,0.452,0.428,1.2885,0.44,A,2.85619469,3.004672897,,-0.356547324,0.110084423
Dmel,male,1.199,1.213,0.437,0.408,1.206,0.4225,A,2.743707094,2.973039216,,-0.374173287,0.081347308
Dmel,male,1.243,1.254,0.444,0.431,1.2485,0.4375,A,2.79954955,2.909512761,,-0.359021943,0.096388547
Dmel,male,1.268,1.275,0.457,0.443,1.2715,0.45,A,2.774617068,2.878103837,,-0.346787486,0.104316365
Dmel,male,1.174,1.173,0.382,0.396,1.1735,0.389,A,3.073298429,2.962121212,,-0.410050399,0.069483094
Dmel,male,1.167,1.192,0.424,0.404,1.1795,0.414,A,2.752358491,2.95049505,,-0.382999659,0.071697945
Dmel,male,1.238,1.217,0.434,0.449,1.2275,0.4415,A,2.852534562,2.710467706,,-0.355069292,0.089021501
Dmel,male,1.258,1.279,0.437,0.467,1.2685,0.452,A,2.878718535,2.73875803,,-0.344861565,0.103290472
Dmel,male,1.269,1.275,0.403,0.447,1.272,0.425,A,3.148883375,2.852348993,,-0.37161107,0.104487111
Dmel,male,1.263,1.266,0.432,0.462,1.2645,0.447,A,2.923611111,2.74025974,,-0.349692477,0.101918834
Dmel,male,1.301,1.29,0.43,0.433,1.2955,0.4315,A,3.025581395,2.979214781,,-0.3650192,0.112437417
Dmel,male,1.208,1.214,0.416,0.417,1.211,0.4165,A,2.903846154,2.911270983,,-0.380384994,0.083144143
Dmel,male,1.214,1.215,0.438,0.439,1.2145,0.4385,A,2.771689498,2.767653759,,-0.358030402,0.084397519
Dmel,male,1.278,1.273,0.412,0.46,1.2755,0.436,A,3.101941748,2.767391304,,-0.360513511,0.105680463
Dmel,male,1.09,1.114,0.363,0.391,1.102,0.377,A,3.002754821,2.849104859,,-0.42365865,0.042181595
Dmel,male,1.241,1.254,0.455,0.452,1.2475,0.4535,A,2.727472527,2.774336283,,-0.343422709,0.096040554
Dmel,male,1.253,1.268,0.413,0.387,1.2605,0.4,A,3.033898305,3.276485788,,-0.397940009,0.10054285
Dmel,male,1.276,1.261,0.46,0.447,1.2685,0.4535,A,2.773913043,2.821029083,,-0.343422709,0.103290472
Dmel,male,1.242,1.234,0.425,0.454,1.238,0.4395,A,2.922352941,2.718061674,,-0.357041121,0.092720645
Dmel,male,1.274,1.242,0.446,0.408,1.258,0.427,A,2.856502242,3.044117647,,-0.369572125,0.099680641
Dmel,male,1.274,1.267,0.455,0.449,1.2705,0.452,A,2.8,2.821826281,,-0.344861565,0.103974669
Dmel,male,1.297,1.289,0.473,0.457,1.293,0.465,A,2.742071882,2.820568928,,-0.332547047,0.111598525
Dmel,male,1.255,1.263,0.421,0.421,1.259,0.421,A,2.980997625,3,,-0.375717904,0.10002573
Dmel,male,1.279,1.267,0.465,0.469,1.273,0.467,A,2.750537634,2.701492537,,-0.330683119,0.104828404
Dmel,male,1.262,1.262,0.443,0.447,1.262,0.445,A,2.848758465,2.823266219,,-0.351639989,0.101059355
Dmel,male,1.239,1.238,0.432,0.423,1.2385,0.4275,A,2.868055556,2.926713948,,-0.369063881,0.092896011
Dmel,male,1.138,1.159,0.371,0.417,1.1485,0.394,A,3.067385445,2.779376499,,-0.404503778,0.060131
Dmel,male,1.287,1.282,0.451,0.45,1.2845,0.4505,A,2.853658537,2.848888889,,-0.346305205,0.108734109
Dmel,male,1.175,1.168,0.421,0.413,1.1715,0.417,A,2.790973872,2.828087167,,-0.379863945,0.068742293
Dmel,male,1.277,1.282,0.456,0.456,1.2795,0.456,A,2.800438596,2.811403509,,-0.341035157,0.10704029
Dmel,male,1.299,1.287,0.453,0.483,1.293,0.468,A,2.867549669,2.664596273,,-0.329754147,0.111598525
Dmel,male,1.265,1.286,0.454,0.432,1.2755,0.443,A,2.786343612,2.976851852,,-0.353596274,0.105680463
Dmel,male,1.224,1.245,0.433,0.437,1.2345,0.435,A,2.826789838,2.848970252,,-0.361510743,0.091491094
Dmel,male,1.282,1.29,0.466,0.465,1.286,0.4655,A,2.751072961,2.774193548,,-0.332080315,0.109240969
Dmel,male,1.238,1.241,0.447,0.427,1.2395,0.437,A,2.769574944,2.906323185,,-0.359518563,0.093246531
Dmel,male,1.262,1.254,0.45,0.444,1.258,0.447,A,2.804444444,2.824324324,,-0.349692477,0.099680641
Dmel,male,1.262,1.261,0.401,0.452,1.2615,0.4265,A,3.14713217,2.789823009,,-0.370080964,0.100887255
Dmel,male,1.265,1.263,0.456,0.476,1.264,0.466,A,2.774122807,2.653361345,,-0.331614083,0.101747074
Dmel,male,1.295,1.29,0.477,0.485,1.2925,0.481,A,2.714884696,2.659793814,,-0.317854924,0.111430552
Dmel,male,1.242,1.254,0.458,0.414,1.248,0.436,A,2.711790393,3.028985507,,-0.360513511,0.096214585
Dmel,male,1.276,1.289,0.452,0.486,1.2825,0.469,A,2.82300885,2.652263374,,-0.328827157,0.108057374
Dmel,male,1.207,1.187,0.431,0.437,1.197,0.434,A,2.800464037,2.71624714,,-0.36251027,0.07809415
Dmel,male,1.244,1.248,0.419,0.438,1.246,0.4285,A,2.968973747,2.849315068,,-0.368049174,0.095518042
Dmel,male,1.312,1.297,0.456,0.463,1.3045,0.4595,A,2.877192982,2.801295896,,-0.337714484,0.115444083
Dmel,male,1.218,1.222,0.454,0.436,1.22,0.445,A,2.682819383,2.802752294,,-0.351639989,0.086359831
Dmel,male,1.301,1.283,0.465,0.461,1.292,0.463,A,2.797849462,2.78308026,,-0.334419009,0.111262514
Dmel,male,1.262,1.257,0.436,0.436,1.2595,0.436,A,2.894495413,2.883027523,,-0.360513511,0.100198172
Dmel,male,1.269,1.304,0.438,0.446,1.2865,0.442,A,2.897260274,2.923766816,,-0.354577731,0.109409791
Dmel,male,1.237,1.258,0.446,0.421,1.2475,0.4335,A,2.773542601,2.988123515,,-0.363010898,0.096040554
Dmel,male,1.224,1.24,0.43,0.441,1.232,0.4355,A,2.846511628,2.811791383,,-0.361011841,0.090610708
Dmel,male,1.231,1.221,0.441,0.45,1.226,0.4455,A,2.79138322,2.713333333,,-0.351152292,0.08849047
Dmel,male,1.28,1.287,0.456,0.455,1.2835,0.4555,A,2.807017544,2.828571429,,-0.341511619,0.108395873
Dmel,male,1.272,1.25,0.423,0.423,1.261,0.423,A,3.007092199,2.955082742,,-0.373659633,0.100715087
Dmel,male,1.197,1.224,0.423,0.418,1.2105,0.4205,A,2.829787234,2.928229665,,-0.376234,0.082964794
Dmel,male,1.236,1.23,0.423,0.432,1.233,0.4275,A,2.921985816,2.847222222,,-0.369063881,0.090963077
Dmel,male,1.176,1.173,0.378,0.4,1.1745,0.389,A,3.111111111,2.9325,,-0.410050399,0.069853021
Dmel,male,1.245,1.245,0.436,0.429,1.245,0.4325,A,2.855504587,2.902097902,,-0.364013888,0.095169351
Dmel,male,1.193,1.182,0.402,0.42,1.1875,0.411,A,2.967661692,2.814285714,,-0.386158178,0.074633618
Dmel,male,1.254,1.26,0.484,0.467,1.257,0.4755,A,2.590909091,2.698072805,,-0.322849479,0.099335278
Dmel,male,1.262,1.269,0.426,0.435,1.2655,0.4305,A,2.962441315,2.917241379,,-0.366026844,0.102262149
Dmel,male,1.263,1.273,0.426,0.426,1.268,0.426,A,2.964788732,2.988262911,,-0.370590401,0.103119254
Dmel,male,1.266,1.273,0.442,0.437,1.2695,0.4395,A,2.864253394,2.913043478,,-0.357041121,0.103632705
Dmel,male,1.227,1.215,0.434,0.444,1.221,0.439,A,2.82718894,2.736486486,,-0.35753548,0.086715664
Dmel,male,1.18,1.201,0.399,0.399,1.1905,0.399,A,2.957393484,3.010025063,,-0.399027104,0.0757294
Dmel,male,1.272,1.268,0.437,0.428,1.27,0.4325,A,2.910755149,2.962616822,,-0.364013888,0.103803721
Dmel,male,1.254,1.238,0.43,0.44,1.246,0.435,A,2.91627907,2.813636364,,-0.361510743,0.095518042
Dmel,male,1.283,1.267,0.436,0.425,1.275,0.4305,A,2.94266055,2.981176471,,-0.366026844,0.105510185
Dmel,male,1.257,1.271,0.431,0.424,1.264,0.4275,A,2.916473318,2.997641509,,-0.369063881,0.101747074
Dmel,male,1.224,1.229,0.421,0.44,1.2265,0.4305,A,2.90736342,2.793181818,,-0.366026844,0.088667553
Dmel,male,1.199,1.185,0.427,0.424,1.192,0.4255,A,2.807962529,2.794811321,,-0.371100436,0.076276255
Dmel,male,1.263,1.267,0.437,0.428,1.265,0.4325,A,2.890160183,2.960280374,,-0.364013888,0.102090526
Dmel,male,1.219,1.23,0.37,0.364,1.2245,0.367,A,3.294594595,3.379120879,,-0.435333936,0.087958789
Dmel,male,1.146,1.142,0.399,0.393,1.144,0.396,A,2.872180451,2.905852417,,-0.402304814,0.058426024
Dmel,male,1.135,1.138,0.386,0.409,1.1365,0.3975,A,2.940414508,2.782396088,,-0.400662867,0.05556944
Dmel,male,1.262,1.278,0.392,0.385,1.27,0.3885,A,3.219387755,3.319480519,,-0.410608977,0.103803721
Dmel,male,1.29,1.297,0.449,0.446,1.2935,0.4475,A,2.873051225,2.908071749,,-0.34920696,0.111766433
Dmel,male,1.267,1.266,0.445,0.439,1.2665,0.442,A,2.847191011,2.883826879,,-0.354577731,0.102605194
Dmel,male,1.077,1.084,0.347,0.378,1.0805,0.3625,A,3.103746398,2.867724868,,-0.440691989,0.033624771
Dmel,male,1.193,1.215,0.416,0.394,1.204,0.405,A,2.867788462,3.083756345,,-0.392544977,0.080626487
Dmel,male,1.221,1.232,0.436,0.393,1.2265,0.4145,A,2.800458716,3.134860051,,-0.382475465,0.088667553
Dmel,male,1.196,1.2,0.425,0.446,1.198,0.4355,A,2.814117647,2.69058296,,-0.361011841,0.078456818
Dmel,male,1.274,1.271,0.435,0.439,1.2725,0.437,A,2.928735632,2.895216401,,-0.359518563,0.104657791
Dmel,male,1.237,1.228,0.38,0.433,1.2325,0.4065,A,3.255263158,2.836027714,,-0.39093945,0.090786928
Dmel,male,1.293,1.288,0.428,0.435,1.2905,0.4315,A,3.021028037,2.96091954,,-0.3650192,0.110758009
Dmel,male,1.191,1.198,0.434,0.428,1.1945,0.431,A,2.744239631,2.799065421,,-0.36552273,0.077186154
Dmel,male,1.293,1.3,0.455,0.441,1.2965,0.448,A,2.841758242,2.947845805,,-0.348721986,0.112772521
Dmel,male,1.285,1.281,0.443,0.454,1.283,0.4485,A,2.900677201,2.821585903,,-0.348237553,0.108226656
Dmel,male,1.223,1.208,0.43,0.432,1.2155,0.431,A,2.844186047,2.796296296,,-0.36552273,0.084754963
Dmel,male,1.196,1.231,0.404,0.44,1.2135,0.422,A,2.96039604,2.797727273,,-0.374687549,0.084039781
Dmel,male,1.254,1.233,0.45,0.427,1.2435,0.4385,A,2.786666667,2.887587822,,-0.358030402,0.09464579
Dmel,male,1.264,1.267,0.453,0.416,1.2655,0.4345,A,2.790286976,3.045673077,,-0.362010219,0.102262149
Dmel,male,1.276,1.272,0.468,0.45,1.274,0.459,A,2.726495726,2.826666667,,-0.338187314,0.105169428
Dmel,male,1.226,1.239,0.441,0.438,1.2325,0.4395,A,2.780045351,2.828767123,,-0.357041121,0.090786928
Dmel,male,1.248,1.241,0.452,0.422,1.2445,0.437,A,2.761061947,2.940758294,,-0.359518563,0.094994901
Dmel,male,1.192,1.201,0.429,0.431,1.1965,0.43,A,2.778554779,2.786542923,,-0.366531544,0.077912703
Dmel,male,1.195,1.209,0.419,0.43,1.202,0.4245,A,2.85202864,2.811627907,,-0.372122305,0.079904468
Dmel,male,1.211,1.209,0.407,0.417,1.21,0.412,A,2.975429975,2.899280576,,-0.385102784,0.08278537
Dmel,male,1.255,1.253,0.446,0.446,1.254,0.446,A,2.813901345,2.80941704,,-0.350665141,0.098297536
Dmel,male,1.211,1.214,0.424,0.412,1.2125,0.418,A,2.856132075,2.946601942,,-0.378823718,0.083681747
Dmel,male,1.315,1.3,0.459,0.461,1.3075,0.46,A,2.864923747,2.819956616,,-0.337242168,0.116441698
Dmel,male,1.242,1.227,0.443,0.426,1.2345,0.4345,A,2.803611738,2.88028169,,-0.362010219,0.091491094
Dmel,male,1.259,1.265,0.429,0.366,1.262,0.3975,A,2.934731935,3.456284153,,-0.400662867,0.101059355
Dmel,male,1.236,1.222,0.409,0.452,1.229,0.4305,A,3.02200489,2.703539823,,-0.366026844,0.089551883
Dmel,male,1.275,1.271,0.446,0.434,1.273,0.44,A,2.858744395,2.928571429,,-0.356547324,0.104828404
Dmel,male,1.248,1.258,0.443,0.43,1.253,0.4365,A,2.817155756,2.925581395,,-0.360015752,0.097951071
Dmel,male,1.241,1.26,0.424,0.432,1.2505,0.428,A,2.926886792,2.916666667,,-0.368556231,0.097083696
Dmel,male,1.282,1.301,0.463,0.434,1.2915,0.4485,A,2.768898488,2.997695853,,-0.348237553,0.111094411
Dmel,male,1.213,1.222,0.435,0.443,1.2175,0.439,A,2.788505747,2.758465011,,-0.35753548,0.08546897
Dmel,male,1.206,1.22,0.4,0.445,1.213,0.4225,A,3.015,2.741573034,,-0.374173287,0.083860801
Dmel,male,1.194,1.17,0.335,0.409,1.182,0.372,A,3.564179104,2.860635697,,-0.42945706,0.072617477
Dmel,male,1.242,1.274,0.407,0.439,1.258,0.423,A,3.051597052,2.902050114,,-0.373659633,0.099680641
Dmel,male,1.205,1.224,0.434,0.381,1.2145,0.4075,A,2.776497696,3.212598425,,-0.389872387,0.084397519
Dmel,male,1.218,1.198,0.423,0.416,1.208,0.4195,A,2.879432624,2.879807692,,-0.377268035,0.082066934
Dmel,male,1.09,1.062,0.361,0.362,1.076,0.3615,A,3.019390582,2.933701657,,-0.441891698,0.031812271
Dmel,male,1.274,1.266,0.432,0.453,1.27,0.4425,A,2.949074074,2.794701987,,-0.354086725,0.103803721
Dmel,male,1.269,1.282,0.451,0.396,1.2755,0.4235,A,2.813747228,3.237373737,,-0.373146585,0.105680463
Dmel,male,1.191,1.167,0.4,0.398,1.179,0.399,A,2.9775,2.932160804,,-0.399027104,0.071513805
Dmel,male,1.312,1.293,0.442,0.461,1.3025,0.4515,A,2.968325792,2.804772234,,-0.345342245,0.114777732
Dmel,male,1.191,1.186,0.405,0.414,1.1885,0.4095,A,2.940740741,2.8647343,,-0.387746094,0.074999186
Dmel,male,1.075,1.066,0.367,0.337,1.0705,0.352,A,2.929155313,3.163204748,,-0.453457337,0.029586672
Dmel,male,1.124,1.126,0.402,0.358,1.125,0.38,A,2.7960199,3.145251397,,-0.420216403,0.051152522
Dmel,male,1.168,1.148,0.374,0.395,1.158,0.3845,A,3.122994652,2.906329114,,-0.415103656,0.063708559
Dmel,male,1.218,1.228,0.442,0.443,1.223,0.4425,A,2.755656109,2.772009029,,-0.354086725,0.087426457
Dsim,male,1.099,1.101,0.3938,0.3697,1.1,0.38175,A,2.790756729,2.978090344,,-0.418220954,0.041392685
Dsim,male,1.13,1.127,0.396,0.4068,1.1285,0.4014,A,2.853535354,2.770403147,,-0.396422632,0.052501563
Dsim,male,1.145,1.144,0.3829,0.378,1.1445,0.38045,A,2.990336903,3.026455026,,-0.419702412,0.058615797
Dsim,male,1.111,1.116,0.3876,0.3819,1.1135,0.38475,A,2.866357069,2.922230951,,-0.414821371,0.046690221
Dsim,male,1.081,1.078,0.3798,0.3873,1.0795,0.38355,A,2.84623486,2.783372063,,-0.416178013,0.033222647
Dsim,male,1.109,1.159,0.4003,0.4102,1.134,0.40525,A,2.770422183,2.825451,,-0.392276976,0.054613055
Dsim,male,1.07,1.138,0.3883,0.3745,1.104,0.3814,A,2.755601339,3.038718291,,-0.418619311,0.042969073
Dsim,male,1.082,1.081,0.3606,0.3701,1.0815,0.36535,A,3.000554631,2.920832208,,-0.437290888,0.034026524
Dsim,male,1.106,1.081,0.3777,0.3756,1.0935,0.37665,A,2.928249934,2.878061768,,-0.424062028,0.038818787
Dsim,male,1.139,1.137,0.3947,0.3815,1.138,0.3881,A,2.885736002,2.98034076,,-0.411056357,0.056142262
Dsim,male,1.084,1.079,0.3411,0.3446,1.0815,0.34285,A,3.177953679,3.13116657,,-0.464895846,0.034026524
Dsim,male,1.1022,1.105,0.376,0.3777,1.1036,0.37685,A,2.931382979,2.92560233,,-0.42383148,0.042811692
Dsim,male,1.166,1.144,0.4099,0.4194,1.155,0.41465,A,2.844596243,2.727706247,,-0.38231833,0.062581984
Dsim,male,1.137,1.139,0.4038,0.3992,1.138,0.4015,A,2.815750371,2.853206413,,-0.39631445,0.056142262
Dsim,male,1.118,1.108,0.3988,0.3782,1.113,0.3885,A,2.803410231,2.929666843,,-0.410608977,0.046495164
Dsim,male,1.039,1.033,0.3953,0.4027,1.036,0.399,A,2.628383506,2.565185001,,-0.399027104,0.015359755
Dsim,male,1.118,1.11,0.4131,0.4218,1.114,0.41745,A,2.706366497,2.631578947,,-0.379395535,0.046885191
Dsim,male,1.141,1.146,0.4019,0.4019,1.1435,0.4019,A,2.83901468,2.851455586,,-0.395881994,0.058236169
Dsim,male,1.156,1.136,0.3923,0.395,1.146,0.39365,A,2.946724446,2.875949367,,-0.404889744,0.059184618
Dsim,male,1.119,1.129,0.3853,0.3897,1.124,0.3875,A,2.90423047,2.897100334,,-0.411728293,0.050766311
Dsim,male,0.975,0.968,0.361,0.386,0.9715,0.3735,A,2.700831025,2.507772021,,-0.427709394,-0.012557195
Dsim,male,1.034,1.05,0.39,0.398,1.042,0.394,A,2.651282051,2.638190955,,-0.404503778,0.017867719
Dsim,male,1.07,1.072,0.403,0.407,1.071,0.405,A,2.655086849,2.633906634,,-0.392544977,0.029789471
Dsim,male,1.029,0.975,0.387,0.385,1.002,0.386,A,2.658914729,2.532467532,,-0.413412695,0.000867722
Dsim,male,0.964,0.959,0.36,0.368,0.9615,0.364,A,2.677777778,2.605978261,,-0.438898616,-0.017050711
Dsim,male,1.042,1.058,0.404,0.399,1.05,0.4015,A,2.579207921,2.651629073,,-0.39631445,0.021189299
Dsim,male,1.03,1.037,0.399,0.402,1.0335,0.4005,A,2.581453634,2.57960199,,-0.39739748,0.014310481
Dsim,male,0.975,0.977,0.353,0.344,0.976,0.3485,A,2.76203966,2.840116279,,-0.457797218,-0.010550182
Dsim,male,1.005,1.014,0.394,0.403,1.0095,0.3985,A,2.550761421,2.516129032,,-0.399571674,0.004106323
Dsim,male,1.046,1.063,0.399,0.395,1.0545,0.397,A,2.621553885,2.691139241,,-0.401209493,0.023046584
Dsim,male,1.021,1.03,0.397,0.392,1.0255,0.3945,A,2.571788413,2.62755102,,-0.403952992,0.010935665
Dsim,male,1.007,1.015,0.378,0.364,1.011,0.371,A,2.664021164,2.788461538,,-0.43062609,0.004751156
Dsim,male,1,1.018,0.385,0.382,1.009,0.3835,A,2.597402597,2.664921466,,-0.416234632,0.003891166
Dsim,male,1.044,1.026,0.367,0.374,1.035,0.3705,A,2.844686649,2.743315508,,-0.431211788,0.01494035
Dsim,male,0.954,0.939,0.384,0.362,0.9465,0.373,A,2.484375,2.593922652,,-0.428291168,-0.023879382
Dsim,male,1.013,1.007,0.36,0.364,1.01,0.362,A,2.813888889,2.766483516,,-0.441291429,0.004321374
Dsim,male,0.922,0.913,0.35,0.334,0.9175,0.342,A,2.634285714,2.733532934,,-0.465973894,-0.037393927
Dsim,male,0.986,0.982,0.357,0.346,0.984,0.3515,A,2.761904762,2.838150289,,-0.454074671,-0.007004902
Dsim,male,1.021,1.009,0.38,0.38,1.015,0.38,A,2.686842105,2.655263158,,-0.420216403,0.006466042
Dsim,male,1.062,1.071,0.394,0.395,1.0665,0.3945,A,2.695431472,2.711392405,,-0.403952992,0.02796086
Dsim,male,1.022,1.008,0.379,0.364,1.015,0.3715,A,2.696569921,2.769230769,,-0.430041182,0.006466042
Dsim,male,1.008,0.991,0.373,0.361,0.9995,0.367,A,2.702412869,2.745152355,,-0.435333936,-0.000217202
Dsim,male,0.955,0.973,0.372,0.388,0.964,0.38,A,2.567204301,2.507731959,,-0.420216403,-0.015922966
Dsim,male,1.082,1.052,0.415,0.408,1.067,0.4115,A,2.607228916,2.578431373,,-0.38563016,0.028164419
Dsim,male,1.034,1.023,0.376,0.374,1.0285,0.375,A,2.75,2.735294118,,-0.425968732,0.012204296
Dsim,male,1.107,1.064,0.387,0.394,1.0855,0.3905,A,2.860465116,2.700507614,,-0.408378962,0.035629828
Dsim,male,0.988,0.965,0.398,0.392,0.9765,0.395,A,2.48241206,2.461734694,,-0.403402904,-0.010327752
Dsim,male,1.067,1.057,0.382,0.391,1.062,0.3865,A,2.793193717,2.703324808,,-0.412850502,0.026124517
Dsim,male,0.91,0.895,0.34,0.328,0.9025,0.334,A,2.676470588,2.728658537,,-0.476253533,-0.044552789
Dsim,male,0.925,0.926,0.34,0.33,0.9255,0.335,A,2.720588235,2.806060606,,-0.474955193,-0.033623577
Dsim,male,0.966,0.961,0.376,0.369,0.9635,0.3725,A,2.569148936,2.604336043,,-0.428873723,-0.016148281
Dsim,male,0.97,0.949,0.359,0.364,0.9595,0.3615,A,2.701949861,2.607142857,,-0.441891698,-0.017955021
Dsim,male,1.084,1.08,0.391,0.405,1.082,0.398,A,2.772378517,2.666666667,,-0.400116928,0.034227261
Dsim,male,1.053,1.062,0.397,0.405,1.0575,0.401,A,2.652392947,2.622222222,,-0.396855627,0.024280376
Dsim,male,0.999,0.995,0.368,0.371,0.997,0.3695,A,2.714673913,2.681940701,,-0.432385557,-0.001304842
Dsim,male,0.969,0.982,0.377,0.384,0.9755,0.3805,A,2.570291777,2.557291667,,-0.419645339,-0.010772726
Dsim,male,1.01,1.016,0.387,0.395,1.013,0.391,A,2.609819121,2.572151899,,-0.407823243,0.005609445
Dsim,male,1.064,1.076,0.398,0.408,1.07,0.403,A,2.673366834,2.637254902,,-0.394694954,0.029383778
Dsim,male,1.071,1.072,0.388,0.362,1.0715,0.375,A,2.760309278,2.961325967,,-0.425968732,0.029992175
Dsim,male,1.067,1.08,0.387,0.399,1.0735,0.393,A,2.757105943,2.706766917,,-0.40560745,0.030802049
Dsim,male,1.091,1.093,0.4,0.408,1.092,0.404,A,2.7275,2.678921569,,-0.393618635,0.038222638
Dsim,male,1.079,1.064,0.408,0.411,1.0715,0.4095,A,2.644607843,2.588807786,,-0.387746094,0.029992175
Dsim,male,1.09,1.093,0.418,0.396,1.0915,0.407,A,2.607655502,2.76010101,,-0.390405591,0.03802374
Dsim,male,1.096,1.104,0.401,0.395,1.1,0.398,A,2.733167082,2.794936709,,-0.400116928,0.041392685
Dsim,male,1.183,1.187,0.412,0.415,1.185,0.4135,A,2.871359223,2.860240964,,-0.383524486,0.07371835
Dsim,male,1.043,1.05,0.404,0.391,1.0465,0.3975,A,2.581683168,2.685421995,,-0.400662867,0.019739233
Dsim,male,1.018,1.007,0.383,0.369,1.0125,0.376,A,2.657963446,2.72899729,,-0.424812155,0.005395032
Dsim,male,1.079,1.087,0.369,0.413,1.083,0.391,A,2.924119241,2.631961259,,-0.407823243,0.034628457
Dsim,male,1.033,1.023,0.375,0.375,1.028,0.375,A,2.754666667,2.728,,-0.425968732,0.011993115
Dsim,male,1.106,1.091,0.414,0.401,1.0985,0.4075,A,2.671497585,2.720698254,,-0.389872387,0.040800061
Dsim,male,1.068,1.056,0.405,0.397,1.062,0.401,A,2.637037037,2.659949622,,-0.396855627,0.026124517
Dsim,male,1.017,1.019,0.385,0.378,1.018,0.3815,A,2.641558442,2.695767196,,-0.418505458,0.007747778
Dsim,male,1.055,1.057,0.39,0.389,1.056,0.3895,A,2.705128205,2.71722365,,-0.409492538,0.023663918
Dsim,male,1.085,1.084,0.383,0.403,1.0845,0.393,A,2.832898172,2.689826303,,-0.40560745,0.035229556
Dsim,male,1.111,1.103,0.418,0.424,1.107,0.421,A,2.657894737,2.601415094,,-0.375717904,0.044147621
Dsim,male,1.083,1.098,0.397,0.404,1.0905,0.4005,A,2.727959698,2.717821782,,-0.39739748,0.03762567
Dsim,male,1.08,1.077,0.366,0.385,1.0785,0.3755,A,2.950819672,2.797402597,,-0.425390059,0.032820149
Dsim,male,1.106,1.103,0.403,0.424,1.1045,0.4135,A,2.744416873,2.601415094,,-0.383524486,0.04316572
Dsim,male,1.051,1.073,0.38,0.374,1.062,0.377,A,2.765789474,2.868983957,,-0.42365865,0.026124517
Dsim,male,1.066,1.069,0.394,0.383,1.0675,0.3885,A,2.705583756,2.791122715,,-0.410608977,0.028367884
Dsim,male,1.072,1.056,0.392,0.387,1.064,0.3895,A,2.734693878,2.728682171,,-0.409492538,0.026941628
Dsim,male,1.091,1.092,0.383,0.394,1.0915,0.3885,A,2.848563969,2.771573604,,-0.410608977,0.03802374
Dsim,male,1.103,1.112,0.413,0.425,1.1075,0.419,A,2.670702179,2.616470588,,-0.377785977,0.044343735
Dsim,male,1.064,1.083,0.39,0.412,1.0735,0.401,A,2.728205128,2.628640777,,-0.396855627,0.030802049
Dsim,male,1.059,1.069,0.402,0.398,1.064,0.4,A,2.634328358,2.685929648,,-0.397940009,0.026941628
Dsim,male,0.975,0.979,0.358,0.355,0.977,0.3565,A,2.723463687,2.757746479,,-0.447940466,-0.010105436
Dsim,male,0.935,0.94,0.36,0.358,0.9375,0.359,A,2.597222222,2.625698324,,-0.444905551,-0.028028724
Dsim,male,1.035,1.035,0.371,0.379,1.035,0.375,A,2.789757412,2.730870712,,-0.425968732,0.01494035
Dsim,male,1.09,1.094,0.399,0.387,1.092,0.393,A,2.731829574,2.826873385,,-0.40560745,0.038222638
Dsim,male,1.052,1.047,0.385,0.385,1.0495,0.385,A,2.732467532,2.719480519,,-0.41453927,0.020982443
Dsim,male,1.002,0.981,0.37,0.374,0.9915,0.372,A,2.708108108,2.622994652,,-0.42945706,-0.003707281
Dsim,male,1.055,1.038,0.36,0.368,1.0465,0.364,A,2.930555556,2.820652174,,-0.438898616,0.019739233
Dsim,male,1.082,1.069,0.366,0.397,1.0755,0.3815,A,2.956284153,2.692695214,,-0.418505458,0.031610415
Dsim,male,1.078,1.072,0.406,0.392,1.075,0.399,A,2.655172414,2.734693878,,-0.399027104,0.031408464
Dsim,male,1.1,1.107,0.415,0.4,1.1035,0.4075,A,2.65060241,2.7675,,-0.389872387,0.042772337
Dsim,male,0.977,0.977,0.367,0.371,0.977,0.369,A,2.662125341,2.633423181,,-0.432973634,-0.010105436
Dsim,male,1.067,1.057,0.4,0.409,1.062,0.4045,A,2.6675,2.584352078,,-0.393081474,0.026124517
Dsim,male,1.096,1.109,0.408,0.415,1.1025,0.4115,A,2.68627451,2.672289157,,-0.38563016,0.042378598
Dsim,male,1.078,1.075,0.42,0.404,1.0765,0.412,A,2.566666667,2.660891089,,-0.385102784,0.032014034
Dsim,male,0.981,0.987,0.378,0.363,0.984,0.3705,A,2.595238095,2.719008264,,-0.431211788,-0.007004902
Dsim,male,1.102,1.095,0.411,0.385,1.0985,0.398,A,2.681265207,2.844155844,,-0.400116928,0.040800061
Dsim,male,1.087,1.067,0.354,0.41,1.077,0.382,A,3.070621469,2.602439024,,-0.417936637,0.032215703
Dsim,male,1.062,1.068,0.36,0.392,1.065,0.376,A,2.95,2.724489796,,-0.424812155,0.027349608
Dsim,male,1.114,1.103,0.412,0.41,1.1085,0.411,A,2.703883495,2.690243902,,-0.386158178,0.044735697
Dsim,male,1.069,1.069,0.402,0.4,1.069,0.401,A,2.65920398,2.6725,,-0.396855627,0.028977705
Dsim,male,1.022,1.036,0.39,0.386,1.029,0.388,A,2.620512821,2.683937824,,-0.411168274,0.012415375
Dsim,male,1.043,1.048,0.383,0.373,1.0455,0.378,A,2.723237598,2.809651475,,-0.4225082,0.019324037
Dsim,male,1.092,1.089,0.407,0.412,1.0905,0.4095,A,2.683046683,2.643203883,,-0.387746094,0.03762567
Dsim,male,1.091,1.09,0.405,0.404,1.0905,0.4045,A,2.69382716,2.698019802,,-0.393081474,0.03762567
Dsim,male,1.043,1.036,0.383,0.379,1.0395,0.381,A,2.723237598,2.733509235,,-0.419075024,0.016824494
Dsim,male,1.082,1.089,0.408,0.394,1.0855,0.401,A,2.651960784,2.763959391,,-0.396855627,0.035629828
Dsim,male,1.081,1.094,0.395,0.397,1.0875,0.396,A,2.736708861,2.755667506,,-0.402304814,0.036429266
Dana,male,1.414,1.414,0.498,0.4883,1.414,0.49315,A,2.83935743,2.895760803,,-0.307020963,0.150449409
Dana,male,1.458,1.46,0.5057,0.4901,1.459,0.4979,A,2.883132292,2.978983881,,-0.302857874,0.164055292
Dana,male,1.405,1.402,0.4948,0.4968,1.4035,0.4958,A,2.839531124,2.822061192,,-0.304693478,0.147212417
Dana,male,1.4,1.409,0.5006,0.4707,1.4045,0.48565,A,2.796644027,2.993414064,,-0.313676607,0.147521744
Dana,male,1.429,1.423,0.4299,0.4912,1.426,0.46055,A,3.324028844,2.896986971,,-0.336723213,0.154119526
Dana,male,1.425,1.417,0.481,0.488,1.421,0.4845,A,2.962577963,2.903688525,,-0.314706219,0.152594078
Dana,male,1.425,1.421,0.4936,0.4878,1.423,0.4907,A,2.886952998,2.913079131,,-0.309183942,0.1532049
Dana,male,1.3092,1.3291,0.465,0.4705,1.31915,0.46775,A,2.815483871,2.824867163,,-0.329986204,0.120294182
Dana,male,1.425,1.427,0.494,0.4827,1.426,0.48835,A,2.884615385,2.956287549,,-0.311268808,0.154119526
Dana,male,1.244,1.402,0.5004,0.5009,1.323,0.50065,A,2.486011191,2.798961869,,-0.300465779,0.121559844
Dana,male,1.445,1.383,0.488,0.5018,1.414,0.4949,A,2.961065574,2.756078119,,-0.305482546,0.150449409
Dana,male,1.415,1.438,0.5099,0.5017,1.4265,0.5058,A,2.775053932,2.866254734,,-0.296021175,0.154271776
Dana,male,1.457,1.45,0.5154,0.5203,1.4535,0.51785,A,2.826930539,2.786853738,,-0.285796019,0.162415036
Dana,male,1.42,1.407,0.4941,0.4788,1.4135,0.48645,A,2.873912164,2.938596491,,-0.312961792,0.150295813
Dana,male,1.418,1.43,0.4887,0.4864,1.424,0.48755,A,2.901575609,2.939967105,,-0.311980839,0.153509989
Dana,male,1.441,1.437,0.5143,0.4855,1.439,0.4999,A,2.801866615,2.959835221,,-0.301116863,0.158060794
Dana,male,1.603,1.593,0.49,0.4823,1.598,0.48615,A,3.271428571,3.302923492,,-0.31322971,0.203576775
Dana,male,1.634,1.647,0.5221,0.5318,1.6405,0.52695,A,3.129668646,3.097028958,,-0.278230591,0.214976235
Dana,male,1.583,1.597,0.5113,0.4933,1.59,0.5023,A,3.096029728,3.237380904,,-0.299036822,0.201397124
Dana,male,1.032,1.032,0.362,0.37,1.032,0.366,A,2.850828729,2.789189189,,-0.436518915,0.013679697
Dana,male,1.147,1.163,0.429,0.401,1.155,0.415,A,2.673659674,2.900249377,,-0.381951903,0.062581984
Dana,male,1.15,1.138,0.415,0.422,1.144,0.4185,A,2.771084337,2.696682464,,-0.378304538,0.058426024
Dana,male,1.128,1.139,0.4,0.407,1.1335,0.4035,A,2.82,2.798525799,,-0.394156461,0.054421524
Dana,male,1.082,1.076,0.395,0.394,1.079,0.3945,A,2.739240506,2.730964467,,-0.403952992,0.033021445
Dana,male,1.267,1.265,0.476,0.476,1.266,0.476,A,2.661764706,2.657563025,,-0.322393047,0.102433706
Dana,male,1.105,1.093,0.397,0.4,1.099,0.3985,A,2.783375315,2.7325,,-0.399571674,0.040997692
Dana,male,1.152,1.153,0.42,0.429,1.1525,0.4245,A,2.742857143,2.687645688,,-0.372122305,0.061640934
Dana,male,1.093,1.09,0.365,0.389,1.0915,0.377,A,2.994520548,2.802056555,,-0.42365865,0.03802374
Dana,male,1.118,1.079,0.433,0.405,1.0985,0.419,A,2.581986143,2.664197531,,-0.377785977,0.040800061
Dana,male,1.087,1.078,0.403,0.388,1.0825,0.3955,A,2.697270471,2.778350515,,-0.402853512,0.034427905
Dana,male,1.1,1.114,0.385,0.396,1.107,0.3905,A,2.857142857,2.813131313,,-0.408378962,0.044147621
Dana,male,1.209,1.216,0.446,0.454,1.2125,0.45,A,2.710762332,2.678414097,,-0.346787486,0.083681747
Dana,male,1.081,1.062,0.408,0.407,1.0715,0.4075,A,2.649509804,2.609336609,,-0.389872387,0.029992175
Dana,male,1.197,1.208,0.411,0.432,1.2025,0.4215,A,2.912408759,2.796296296,,-0.375202421,0.080085085
Dana,male,1.054,1.031,0.361,0.374,1.0425,0.3675,A,2.91966759,2.756684492,,-0.434742657,0.018076064
Dana,male,1.262,1.263,0.461,0.468,1.2625,0.4645,A,2.737527115,2.698717949,,-0.333014282,0.101231387
Dana,male,1.211,1.21,0.443,0.443,1.2105,0.443,A,2.733634312,2.731376975,,-0.353596274,0.082964794
Dana,male,1.113,1.118,0.412,0.433,1.1155,0.4225,A,2.701456311,2.581986143,,-0.374173287,0.047469575
Dana,male,1.122,1.107,0.412,0.401,1.1145,0.4065,A,2.723300971,2.760598504,,-0.39093945,0.047080073
Dana,male,1.197,1.17,0.437,0.434,1.1835,0.4355,A,2.739130435,2.695852535,,-0.361011841,0.073168262
Dana,male,1.252,1.242,0.472,0.447,1.247,0.4595,A,2.652542373,2.77852349,,-0.337714484,0.095866453
Dana,male,1.121,1.134,0.409,0.375,1.1275,0.392,A,2.740831296,3.024,,-0.406713933,0.052116551
Dana,male,1.128,1.143,0.421,0.419,1.1355,0.42,A,2.679334917,2.727923628,,-0.37675071,0.055187139
Dana,male,1.138,1.138,0.409,0.392,1.138,0.4005,A,2.782396088,2.903061224,,-0.39739748,0.056142262
Dana,male,1.057,1.036,0.369,0.389,1.0465,0.379,A,2.864498645,2.663239075,,-0.42136079,0.019739233
Dana,male,1.188,1.194,0.434,0.403,1.191,0.4185,A,2.737327189,2.962779156,,-0.378304538,0.075911761
Dana,male,1.216,1.243,0.46,0.463,1.2295,0.4615,A,2.643478261,2.684665227,,-0.335828295,0.089728533
Dana,male,1.209,1.224,0.438,0.413,1.2165,0.4255,A,2.760273973,2.963680387,,-0.371100436,0.085112113
Dana,male,1.308,1.296,0.461,0.478,1.302,0.4695,A,2.837310195,2.711297071,,-0.328364403,0.114610984
Dana,male,1.018,1.019,0.382,0.374,1.0185,0.378,A,2.664921466,2.72459893,,-0.4225082,0.007961033
Dana,male,1.107,1.117,0.411,0.405,1.112,0.408,A,2.693430657,2.758024691,,-0.389339837,0.046104787
Dana,male,1.043,1.033,0.393,0.39,1.038,0.3915,A,2.65394402,2.648717949,,-0.407268234,0.016197354
Dana,male,1.264,1.265,0.462,0.466,1.2645,0.464,A,2.735930736,2.714592275,,-0.333482019,0.101918834
Dana,male,1.197,1.227,0.429,0.432,1.212,0.4305,A,2.79020979,2.840277778,,-0.366026844,0.08350262
Dana,male,1.179,1.191,0.429,0.427,1.185,0.428,A,2.748251748,2.789227166,,-0.368556231,0.07371835
Dana,male,1.133,1.12,0.417,0.424,1.1265,0.4205,A,2.717026379,2.641509434,,-0.376234,0.051731196
Dana,male,1.216,1.221,0.449,0.439,1.2185,0.444,A,2.708240535,2.781321185,,-0.35261703,0.085825534
Dana,male,1.126,1.129,0.409,0.418,1.1275,0.4135,A,2.753056235,2.700956938,,-0.383524486,0.052116551
Dana,male,1.155,1.161,0.408,0.434,1.158,0.421,A,2.830882353,2.675115207,,-0.375717904,0.063708559
Dana,male,1.112,1.099,0.397,0.397,1.1055,0.397,A,2.801007557,2.768261965,,-0.401209493,0.043558747
Dana,male,1.099,1.141,0.392,0.407,1.12,0.3995,A,2.803571429,2.803439803,,-0.398483216,0.049218023
Dana,male,1.085,1.09,0.394,0.389,1.0875,0.3915,A,2.753807107,2.802056555,,-0.407268234,0.036429266
Dana,male,1.208,1.203,0.449,0.438,1.2055,0.4435,A,2.690423163,2.746575342,,-0.353106376,0.081167215
Dana,male,1.033,1.024,0.391,0.355,1.0285,0.373,A,2.641943734,2.884507042,,-0.428291168,0.012204296
Dana,male,1.126,1.123,0.406,0.424,1.1245,0.415,A,2.773399015,2.648584906,,-0.381951903,0.05095946
Dana,male,1.081,1.087,0.403,0.407,1.084,0.405,A,2.682382134,2.670761671,,-0.392544977,0.035029282
Dana,male,1.033,1.014,0.369,0.359,1.0235,0.364,A,2.799457995,2.824512535,,-0.438898616,0.010087847
Dana,male,1.218,1.174,0.434,0.429,1.196,0.4315,A,2.806451613,2.736596737,,-0.3650192,0.07773118
Dana,male,1.06,1.071,0.375,0.398,1.0655,0.3865,A,2.826666667,2.690954774,,-0.412850502,0.027553454
Dana,male,1.206,1.209,0.425,0.434,1.2075,0.4295,A,2.837647059,2.785714286,,-0.367036832,0.081887139
Dana,male,1.29,1.302,0.476,0.474,1.296,0.475,A,2.710084034,2.746835443,,-0.32330639,0.112605002
Dana,male,1.138,1.158,0.394,0.396,1.148,0.395,A,2.888324873,2.924242424,,-0.403402904,0.059941888
Dana,male,1.119,1.121,0.416,0.398,1.12,0.407,A,2.689903846,2.816582915,,-0.390405591,0.049218023
Dana,male,1.158,1.144,0.422,0.397,1.151,0.4095,A,2.744075829,2.881612091,,-0.387746094,0.061075324
Dana,male,1.177,1.171,0.412,0.419,1.174,0.4155,A,2.856796117,2.794749403,,-0.381428972,0.069668097
Dana,male,1.237,1.248,0.439,0.472,1.2425,0.4555,A,2.817767654,2.644067797,,-0.341511619,0.094296397
Dana,male,1.101,1.116,0.391,0.412,1.1085,0.4015,A,2.815856777,2.708737864,,-0.39631445,0.044735697
Dana,male,1.104,1.065,0.389,0.386,1.0845,0.3875,A,2.838046272,2.759067358,,-0.411728293,0.035229556
Dana,male,1.055,1.052,0.371,0.372,1.0535,0.3715,A,2.843665768,2.827956989,,-0.430041182,0.02263454
Dana,male,1.204,1.211,0.455,0.43,1.2075,0.4425,A,2.646153846,2.81627907,,-0.354086725,0.081887139
Dana,male,1.309,1.285,0.435,0.48,1.297,0.4575,A,3.009195402,2.677083333,,-0.339608902,0.112939976
Dana,male,1.087,1.084,0.394,0.392,1.0855,0.393,A,2.758883249,2.765306122,,-0.40560745,0.035629828
Dana,male,1.169,1.172,0.401,0.43,1.1705,0.4155,A,2.91521197,2.725581395,,-0.381428972,0.068371418
Dana,male,1.163,1.172,0.426,0.436,1.1675,0.431,A,2.730046948,2.688073394,,-0.36552273,0.067256889
Dana,male,1.208,1.213,0.428,0.447,1.2105,0.4375,A,2.822429907,2.713646532,,-0.359021943,0.082964794
Dana,male,1.197,1.191,0.419,0.423,1.194,0.421,A,2.856801909,2.815602837,,-0.375717904,0.077004327
Dana,male,1.107,1.083,0.403,0.399,1.095,0.401,A,2.746898263,2.714285714,,-0.396855627,0.039414119
Dana,male,1.146,1.16,0.431,0.414,1.153,0.4225,A,2.658932715,2.801932367,,-0.374173287,0.061829307
Dana,male,1.121,1.129,0.393,0.409,1.125,0.401,A,2.852417303,2.760391198,,-0.396855627,0.051152522
Dana,male,1.248,1.245,0.447,0.462,1.2465,0.4545,A,2.791946309,2.694805195,,-0.342466112,0.095692283
Dana,male,1.242,1.231,0.432,0.46,1.2365,0.446,A,2.875,2.676086957,,-0.350665141,0.092194121
Dana,male,1.123,1.119,0.414,0.394,1.121,0.404,A,2.712560386,2.840101523,,-0.393618635,0.049605613
Dana,male,1.109,1.092,0.394,0.402,1.1005,0.398,A,2.814720812,2.71641791,,-0.400116928,0.041590047
Dana,male,1.16,1.156,0.398,0.409,1.158,0.4035,A,2.914572864,2.826405868,,-0.394156461,0.063708559
Dana,male,1.242,1.224,0.445,0.476,1.233,0.4605,A,2.791011236,2.571428571,,-0.336770365,0.090963077
Dana,male,1.226,1.243,0.439,0.451,1.2345,0.445,A,2.792710706,2.756097561,,-0.351639989,0.091491094
Dana,male,1.255,1.22,0.46,0.452,1.2375,0.456,A,2.72826087,2.699115044,,-0.341035157,0.092545208
Dana,male,1.26,1.263,0.478,0.481,1.2615,0.4795,A,2.635983264,2.625779626,,-0.319211388,0.100887255
Dana,male,1.275,1.285,0.455,0.461,1.28,0.458,A,2.802197802,2.787418655,,-0.339134522,0.10720997
Dana,male,1.168,1.176,0.426,0.416,1.172,0.421,A,2.741784038,2.826923077,,-0.375717904,0.068927612
Dana,male,1.066,1.085,0.382,0.377,1.0755,0.3795,A,2.790575916,2.877984085,,-0.42078822,0.031610415
Dana,male,1.226,1.223,0.432,0.43,1.2245,0.431,A,2.837962963,2.844186047,,-0.36552273,0.087958789
Dana,male,1.258,1.258,0.45,0.459,1.258,0.4545,A,2.795555556,2.740740741,,-0.342466112,0.099680641
Dana,male,1.18,1.164,0.425,0.478,1.172,0.4515,A,2.776470588,2.435146444,,-0.345342245,0.068927612
Dana,male,1.12,1.116,0.385,0.414,1.118,0.3995,A,2.909090909,2.695652174,,-0.398483216,0.048441804
Dana,male,1.214,1.206,0.456,0.449,1.21,0.4525,A,2.662280702,2.68596882,,-0.344381416,0.08278537
Dana,male,1.148,1.147,0.415,0.42,1.1475,0.4175,A,2.76626506,2.730952381,,-0.37934352,0.059752694
Dana,male,1.209,1.201,0.436,0.433,1.205,0.4345,A,2.77293578,2.773672055,,-0.362010219,0.080987047
Dana,male,1.09,1.094,0.395,0.382,1.092,0.3885,A,2.759493671,2.863874346,,-0.410608977,0.038222638
Dana,male,1.176,1.174,0.422,0.424,1.175,0.423,A,2.786729858,2.768867925,,-0.373659633,0.070037867
Dana,male,1.239,1.251,0.435,0.456,1.245,0.4455,A,2.848275862,2.743421053,,-0.351152292,0.095169351
Dana,male,1.244,1.256,0.464,0.438,1.25,0.451,A,2.681034483,2.867579909,,-0.345823458,0.096910013
Dana,male,1.239,1.229,0.458,0.456,1.234,0.457,A,2.705240175,2.695175439,,-0.3400838,0.09131516
Dana,male,1.255,1.263,0.463,0.475,1.259,0.469,A,2.710583153,2.658947368,,-0.328827157,0.10002573
Dana,male,1.234,1.211,0.446,0.444,1.2225,0.445,A,2.766816143,2.727477477,,-0.351639989,0.087248868
Dana,male,1.277,1.268,0.471,0.463,1.2725,0.467,A,2.711252654,2.738660907,,-0.330683119,0.104657791
Dana,male,1.19,1.216,0.445,0.462,1.203,0.4535,A,2.674157303,2.632034632,,-0.343422709,0.080265627
Dana,male,1.077,1.103,0.4,0.41,1.09,0.405,A,2.6925,2.690243902,,-0.392544977,0.037426498
Dana,male,1.108,1.114,0.383,0.416,1.111,0.3995,A,2.892950392,2.677884615,,-0.398483216,0.045714059
Dana,male,1.166,1.162,0.426,0.417,1.164,0.4215,A,2.737089202,2.786570743,,-0.375202421,0.06595298
Dana,male,1.317,1.314,0.469,0.465,1.3155,0.467,A,2.808102345,2.825806452,,-0.330683119,0.119090852
Dana,male,1.123,1.136,0.42,0.424,1.1295,0.422,A,2.673809524,2.679245283,,-0.374687549,0.052886235
Dana,male,1.168,1.151,0.441,0.427,1.1595,0.434,A,2.648526077,2.695550351,,-0.36251027,0.064270753
Dana,male,1.185,1.179,0.421,0.425,1.182,0.423,A,2.814726841,2.774117647,,-0.373659633,0.072617477
Dana,male,1.166,1.155,0.434,0.428,1.1605,0.431,A,2.686635945,2.698598131,,-0.36552273,0.064645145
Dana,male,1.303,1.301,0.479,0.465,1.302,0.472,A,2.720250522,2.797849462,,-0.326058001,0.114610984
Dana,male,1.269,1.282,0.459,0.481,1.2755,0.47,A,2.764705882,2.665280665,,-0.327902142,0.105680463
Dana,male,1.092,1.127,0.392,0.398,1.1095,0.395,A,2.785714286,2.831658291,,-0.403402904,0.045127307
Dana,male,1.22,1.218,0.428,0.436,1.219,0.432,A,2.85046729,2.793577982,,-0.364516253,0.086003706
Dana,male,1.287,1.278,0.479,0.446,1.2825,0.4625,A,2.686847599,2.865470852,,-0.334888263,0.108057374
Dana,male,1.142,1.143,0.422,0.404,1.1425,0.413,A,2.706161137,2.829207921,,-0.384049948,0.057856209
Dana,male,1.29,1.278,0.479,0.463,1.284,0.471,A,2.693110647,2.760259179,,-0.326979093,0.108565024
Dana,male,1.16,1.175,0.423,0.424,1.1675,0.4235,A,2.742316785,2.771226415,,-0.373146585,0.067256889
Dana,male,1.327,1.325,0.472,0.48,1.326,0.476,A,2.811440678,2.760416667,,-0.322393047,0.122543524
Dana,male,1.332,1.33,0.426,0.474,1.331,0.45,A,3.126760563,2.805907173,,-0.346787486,0.124178055
Dana,male,1.325,1.345,0.502,0.511,1.335,0.5065,A,2.639442231,2.632093933,,-0.29542055,0.125481266
Dana,male,1.314,1.315,0.494,0.484,1.3145,0.489,A,2.659919028,2.716942149,,-0.310691141,0.11876059
Dana,male,1.208,1.182,0.449,0.448,1.195,0.4485,A,2.690423163,2.638392857,,-0.348237553,0.077367905
Dana,male,1.272,1.248,0.457,0.456,1.26,0.4565,A,2.783369803,2.736842105,,-0.340559218,0.100370545
Dana,male,1.319,1.325,0.469,0.411,1.322,0.44,A,2.812366738,3.223844282,,-0.356547324,0.121231455
Dana,male,1.219,1.219,0.461,0.446,1.219,0.4535,A,2.644251627,2.733183857,,-0.343422709,0.086003706
Dana,male,1.212,1.197,0.445,0.449,1.2045,0.447,A,2.723595506,2.665924276,,-0.349692477,0.080806804
Dana,male,1.195,1.187,0.434,0.443,1.191,0.4385,A,2.753456221,2.679458239,,-0.358030402,0.075911761
Dana,male,1.18,1.171,0.447,0.412,1.1755,0.4295,A,2.639821029,2.84223301,,-0.367036832,0.070222633
Dana,male,1.269,1.255,0.481,0.479,1.262,0.48,A,2.638253638,2.620041754,,-0.318758763,0.101059355
Dana,male,1.286,1.296,0.483,0.475,1.291,0.479,A,2.66252588,2.728421053,,-0.319664487,0.110926242
Dana,male,1.349,1.35,0.489,0.485,1.3495,0.487,A,2.758691207,2.783505155,,-0.312471039,0.130172889
Dana,male,1.292,1.291,0.465,0.458,1.2915,0.4615,A,2.778494624,2.818777293,,-0.335828295,0.111094411
Dana,male,1.296,1.302,0.428,0.478,1.299,0.453,A,3.028037383,2.723849372,,-0.343901798,0.113609151
Dana,male,1.107,1.101,0.39,0.407,1.104,0.3985,A,2.838461538,2.705159705,,-0.399571674,0.042969073
Dana,male,1.309,1.277,0.47,0.465,1.293,0.4675,A,2.785106383,2.746236559,,-0.330218385,0.111598525
Dana,male,1.147,1.128,0.435,0.432,1.1375,0.4335,A,2.636781609,2.611111111,,-0.363010898,0.055951405
Dana,male,1.281,1.29,0.474,0.462,1.2855,0.468,A,2.702531646,2.792207792,,-0.329754147,0.109072081
Dana,male,1.312,1.306,0.468,0.496,1.309,0.482,A,2.803418803,2.633064516,,-0.316952962,0.116939647
Dana,male,1.323,1.326,0.49,0.481,1.3245,0.4855,A,2.7,2.756756757,,-0.313810766,0.122051963
Dana,male,1.242,1.234,0.46,0.462,1.238,0.461,A,2.7,2.670995671,,-0.336299075,0.092720645
Dana,male,1.126,1.122,0.416,0.413,1.124,0.4145,A,2.706730769,2.716707022,,-0.382475465,0.050766311
Dana,male,1.222,1.194,0.448,0.452,1.208,0.45,A,2.727678571,2.64159292,,-0.346787486,0.082066934
Dana,male,1.205,1.207,0.429,0.449,1.206,0.439,A,2.808857809,2.688195991,,-0.35753548,0.081347308
Dana,male,1.284,1.261,0.482,0.476,1.2725,0.479,A,2.663900415,2.649159664,,-0.319664487,0.104657791
Dana,male,1.21,1.236,0.459,0.454,1.223,0.4565,A,2.636165577,2.72246696,,-0.340559218,0.087426457
Dana,male,1.339,1.345,0.491,0.488,1.342,0.4895,A,2.727087576,2.756147541,,-0.310247304,0.127752516
Dana,male,1.29,1.3,0.432,0.452,1.295,0.442,A,2.986111111,2.876106195,,-0.354577731,0.112269768
Dana,male,1.249,1.259,0.452,0.474,1.254,0.463,A,2.763274336,2.656118143,,-0.334419009,0.098297536
Dana,male,1.266,1.274,0.475,0.462,1.27,0.4685,A,2.665263158,2.757575758,,-0.329290405,0.103803721
Dana,male,1.277,1.271,0.462,0.47,1.274,0.466,A,2.764069264,2.704255319,,-0.331614083,0.105169428
Dana,male,1.319,1.319,0.473,0.461,1.319,0.467,A,2.78858351,2.861171367,,-0.330683119,0.120244796
Dana,male,1.084,1.099,0.392,0.395,1.0915,0.3935,A,2.765306122,2.782278481,,-0.405055263,0.03802374
Dana,male,1.322,1.328,0.491,0.482,1.325,0.4865,A,2.692464358,2.755186722,,-0.312917155,0.122215878
Dana,male,1.259,1.267,0.466,0.478,1.263,0.472,A,2.701716738,2.650627615,,-0.326058001,0.101403351
Dana,male,1.242,1.239,0.461,0.461,1.2405,0.461,A,2.694143167,2.687635575,,-0.336299075,0.093596769
Dana,male,1.244,1.274,0.491,0.475,1.259,0.483,A,2.533604888,2.682105263,,-0.316052869,0.10002573
Dana,male,1.156,1.153,0.439,0.419,1.1545,0.429,A,2.633257403,2.751789976,,-0.367542708,0.062393937
Dana,male,1.182,1.222,0.458,0.421,1.202,0.4395,A,2.580786026,2.902612827,,-0.357041121,0.079904468
Dana,male,1.107,1.118,0.414,0.421,1.1125,0.4175,A,2.673913043,2.655581948,,-0.37934352,0.04630002
Dana,male,1.095,1.092,0.408,0.415,1.0935,0.4115,A,2.683823529,2.631325301,,-0.38563016,0.038818787
Dana,male,1.341,1.334,0.509,0.492,1.3375,0.5005,A,2.634577603,2.711382114,,-0.300595918,0.126293791
Dana,male,1.028,1.039,0.389,0.384,1.0335,0.3865,A,2.642673522,2.705729167,,-0.412850502,0.014310481
Dana,male,1.118,1.107,0.414,0.398,1.1125,0.406,A,2.700483092,2.781407035,,-0.391473966,0.04630002
Dana,male,1.316,1.317,0.481,0.432,1.3165,0.4565,A,2.735966736,3.048611111,,-0.340559218,0.119420863
Dana,male,1.19,1.174,0.462,0.434,1.182,0.448,A,2.575757576,2.705069124,,-0.348721986,0.072617477
Dana,male,1.209,1.196,0.441,0.434,1.2025,0.4375,A,2.741496599,2.755760369,,-0.359021943,0.080085085
Dana,male,1.271,1.266,0.414,0.448,1.2685,0.431,A,3.070048309,2.825892857,,-0.36552273,0.103290472
Dana,male,1.288,1.292,0.489,0.483,1.29,0.486,A,2.63394683,2.67494824,,-0.313363731,0.11058971
Dana,male,1.27,1.261,0.48,0.472,1.2655,0.476,A,2.645833333,2.671610169,,-0.322393047,0.102262149
Dana,male,1.295,1.314,0.47,0.455,1.3045,0.4625,A,2.755319149,2.887912088,,-0.334888263,0.115444083
Dana,male,1.33,1.313,0.515,0.493,1.3215,0.504,A,2.582524272,2.663286004,,-0.297569464,0.121067167
Dana,male,1.329,1.326,0.478,0.485,1.3275,0.4815,A,2.780334728,2.734020619,,-0.317403709,0.12303453
Dana,male,1.169,1.18,0.415,0.427,1.1745,0.421,A,2.81686747,2.763466042,,-0.375717904,0.069853021
Dana,male,1.318,1.305,0.493,0.468,1.3115,0.4805,A,2.673427992,2.788461538,,-0.318306608,0.117768295
Dana,male,1.274,1.266,0.462,0.471,1.27,0.4665,A,2.757575758,2.687898089,,-0.331148352,0.103803721
Dana,male,1.316,1.33,0.47,0.48,1.323,0.475,A,2.8,2.770833333,,-0.32330639,0.121559844
Dana,male,1.076,1.073,0.389,0.394,1.0745,0.3915,A,2.766066838,2.723350254,,-0.407268234,0.03120642
Dana,male,1.198,1.208,0.442,0.418,1.203,0.43,A,2.71040724,2.889952153,,-0.366531544,0.080265627
Dana,male,1.327,1.346,0.486,0.488,1.3365,0.487,A,2.730452675,2.758196721,,-0.312471039,0.125968963
Dvir,male,1.375,1.379,0.591,0.5568,1.377,0.5739,B,2.326565144,2.476652299,,-0.241163775,0.13893394
Dvir,male,1.4845,1.4032,0.5283,0.5532,1.44385,0.54075,B,2.809956464,2.536514823,,-0.267003472,0.159522077
Dvir,male,1.548,1.557,0.5612,0.5783,1.5525,0.56975,B,2.758374911,2.6923742,,-0.244315666,0.191031609
Dvir,male,1.4375,1.446,0.525,0.5325,1.44175,0.52875,B,2.738095238,2.715492958,,-0.27674962,0.15888996
Dvir,male,1.568,1.581,0.5901,0.6024,1.5745,0.59625,B,2.65717675,2.624501992,,-0.224571608,0.197142665
Dvir,male,1.503,1.512,0.5908,0.5934,1.5075,0.5921,B,2.544008125,2.548028311,,-0.227604939,0.178257321
Dvir,male,1.46,1.4645,0.5584,0.5545,1.46225,0.55645,B,2.614613181,2.641118124,,-0.254573853,0.16502163
Dvir,male,1.5663,1.547,0.614,0.6066,1.55665,0.6103,B,2.550977199,2.550280251,,-0.21445663,0.192190976
Dvir,male,1.482,1.482,0.5722,0.5693,1.482,0.57075,B,2.590003495,2.603196908,,-0.24355408,0.170848204
Dvir,male,1.562,1.55,0.5837,0.5819,1.556,0.5828,B,2.676032208,2.663687919,,-0.234480457,0.192009593
Dvir,male,1.4535,1.447,0.5636,0.5793,1.45025,0.57145,B,2.578956707,2.497842223,,-0.243021763,0.161442874
Dvir,male,1.421,1.417,0.5218,0.5458,1.419,0.5338,B,2.723265619,2.59618908,,-0.272621431,0.151982395
Dvir,male,1.4245,1.444,0.5367,0.5579,1.43425,0.5473,B,2.65418297,2.588277469,,-0.261774552,0.156624859
Dvir,male,1.316,1.335,0.549,0.557,1.3255,0.553,B,2.39708561,2.396768402,,-0.257274869,0.122379732
Dvir,male,1.377,1.361,0.556,0.545,1.369,0.5505,B,2.476618705,2.497247706,,-0.259242677,0.136403448
Dvir,male,1.376,1.341,0.572,0.567,1.3585,0.5695,B,2.405594406,2.365079365,,-0.244506272,0.133059643
Dvir,male,1.201,1.322,0.568,0.578,1.2615,0.573,B,2.11443662,2.287197232,,-0.241845378,0.100887255
Dvir,male,1.317,1.307,0.527,0.527,1.312,0.527,B,2.499051233,2.480075901,,-0.278189385,0.117933835
Dvir,male,1.212,1.201,0.5,0.496,1.2065,0.498,B,2.424,2.421370968,,-0.302770657,0.081527326
Dvir,male,1.302,1.31,0.538,0.546,1.306,0.542,B,2.420074349,2.399267399,,-0.266000713,0.115943177
Dvir,male,1.304,1.34,0.537,0.549,1.322,0.543,B,2.4283054,2.440801457,,-0.26520017,0.121231455
Dvir,male,1.269,1.294,0.507,0.512,1.2815,0.5095,B,2.50295858,2.52734375,,-0.292855812,0.107718611
Dvir,male,1.229,1.207,0.496,0.507,1.218,0.5015,B,2.477822581,2.380670611,,-0.299729063,0.085647288
Dvir,male,1.307,1.294,0.535,0.522,1.3005,0.5285,B,2.442990654,2.478927203,,-0.276955008,0.114110357
Dvir,male,1.253,1.253,0.522,0.513,1.253,0.5175,B,2.400383142,2.442495127,,-0.286089646,0.097951071
Dvir,male,1.34,1.357,0.584,0.564,1.3485,0.574,B,2.294520548,2.406028369,,-0.241088108,0.129850951
Dvir,male,1.225,1.254,0.547,0.526,1.2395,0.5365,B,2.239488117,2.384030418,,-0.270430274,0.093246531
Dvir,male,1.352,1.334,0.572,0.57,1.343,0.571,B,2.363636364,2.340350877,,-0.243363892,0.128076013
Dvir,male,1.291,1.332,0.56,0.558,1.3115,0.559,B,2.305357143,2.387096774,,-0.252588192,0.117768295
Dvir,male,1.386,1.401,0.557,0.543,1.3935,0.55,B,2.488330341,2.580110497,,-0.259637311,0.144106973
Dvir,male,1.217,1.224,0.504,0.494,1.2205,0.499,B,2.41468254,2.477732794,,-0.301899454,0.086537784
Dvir,male,1.328,1.338,0.544,0.524,1.333,0.534,B,2.441176471,2.553435115,,-0.272458743,0.124830149
Dvir,male,1.358,1.34,0.549,0.563,1.349,0.556,B,2.473588342,2.380106572,,-0.254925208,0.13001195
Dvir,male,1.216,1.223,0.506,0.488,1.2195,0.497,B,2.403162055,2.506147541,,-0.303643611,0.086181805
Dvir,male,1.284,1.312,0.528,0.523,1.298,0.5255,B,2.431818182,2.508604207,,-0.27942728,0.113274692
Dvir,male,1.22,1.239,0.529,0.532,1.2295,0.5305,B,2.306238185,2.328947368,,-0.275314612,0.089728533
Dvir,male,1.458,1.442,0.597,0.588,1.45,0.5925,B,2.442211055,2.452380952,,-0.227311645,0.161368002
Dvir,male,1.379,1.381,0.56,0.543,1.38,0.5515,B,2.4625,2.543278085,,-0.258454483,0.139879086
Dvir,male,1.386,1.367,0.571,0.569,1.3765,0.57,B,2.42732049,2.402460457,,-0.244125144,0.138776216
Dvir,male,1.466,1.458,0.563,0.549,1.462,0.556,B,2.603907638,2.655737705,,-0.254925208,0.164947373
Dvir,male,1.441,1.421,0.531,0.571,1.431,0.551,B,2.713747646,2.488616462,,-0.258848401,0.155639634
Dvir,male,1.445,1.424,0.555,0.554,1.4345,0.5545,B,2.603603604,2.570397112,,-0.25609845,0.156700553
Dvir,male,1.344,1.375,0.561,0.567,1.3595,0.564,B,2.395721925,2.425044092,,-0.248720896,0.133379212
Dvir,male,1.392,1.383,0.568,0.565,1.3875,0.5665,B,2.450704225,2.447787611,,-0.246800086,0.142232992
Dvir,male,1.274,1.281,0.535,0.517,1.2775,0.526,B,2.381308411,2.477756286,,-0.279014256,0.106360909
Dvir,male,1.36,1.35,0.54,0.564,1.355,0.552,B,2.518518519,2.393617021,,-0.258060922,0.131939295
Dvir,male,1.199,1.204,0.496,0.487,1.2015,0.4915,B,2.41733871,2.472279261,,-0.308476478,0.079723775
Dvir,male,1.105,1.091,0.454,0.457,1.098,0.4555,B,2.433920705,2.387308534,,-0.341511619,0.04060234
Dvir,male,1.219,1.181,0.491,0.492,1.2,0.4915,B,2.482688391,2.400406504,,-0.308476478,0.079181246
Dvir,male,1.274,1.281,0.5,0.512,1.2775,0.506,B,2.548,2.501953125,,-0.295849483,0.106360909
Dvir,male,1.355,1.355,0.537,0.527,1.355,0.532,B,2.523277467,2.571157495,,-0.274088368,0.131939295
Dvir,male,1.395,1.415,0.578,0.572,1.405,0.575,B,2.41349481,2.473776224,,-0.240332155,0.147676324
Dvir,male,1.281,1.3,0.526,0.532,1.2905,0.529,B,2.435361217,2.443609023,,-0.276544328,0.110758009
Dvir,male,1.315,1.302,0.532,0.523,1.3085,0.5275,B,2.471804511,2.489483748,,-0.277777536,0.116773727
Dvir,male,1.342,1.38,0.554,0.537,1.361,0.5455,B,2.422382671,2.569832402,,-0.263205245,0.133858125
Dvir,male,1.323,1.339,0.533,0.53,1.331,0.5315,B,2.48217636,2.526415094,,-0.274496731,0.124178055
Dvir,male,1.273,1.294,0.543,0.519,1.2835,0.531,B,2.344383057,2.493256262,,-0.274905479,0.108395873
Dvir,male,1.207,1.219,0.51,0.502,1.213,0.506,B,2.366666667,2.428286853,,-0.295849483,0.083860801
Dvir,male,1.262,1.206,0.518,0.51,1.234,0.514,B,2.436293436,2.364705882,,-0.289036881,0.09131516
Dvir,male,1.33,1.299,0.551,0.523,1.3145,0.537,B,2.413793103,2.48374761,,-0.270025714,0.11876059
Dvir,male,1.29,1.276,0.495,0.511,1.283,0.503,B,2.606060606,2.497064579,,-0.298432015,0.108226656
Dvir,male,1.25,1.24,0.524,0.534,1.245,0.529,B,2.385496183,2.322097378,,-0.276544328,0.095169351
Dvir,male,1.239,1.26,0.512,0.502,1.2495,0.507,B,2.419921875,2.509960159,,-0.294992041,0.09673626
Dvir,male,1.108,1.143,0.482,0.486,1.1255,0.484,B,2.298755187,2.351851852,,-0.315154638,0.051345499
Dvir,male,1.424,1.381,0.574,0.535,1.4025,0.5545,B,2.480836237,2.581308411,,-0.25609845,0.14690287
Dvir,male,1.235,1.241,0.487,0.503,1.238,0.495,B,2.535934292,2.467196819,,-0.305394801,0.092720645
Dvir,male,1.307,1.32,0.544,0.554,1.3135,0.549,B,2.402573529,2.38267148,,-0.260427656,0.118430077
Dvir,male,1.191,1.186,0.514,0.512,1.1885,0.513,B,2.317120623,2.31640625,,-0.289882635,0.074999186
Dvir,male,1.387,1.41,0.566,0.564,1.3985,0.565,B,2.450530035,2.5,,-0.247951552,0.145662471
Dvir,male,1.318,1.308,0.537,0.545,1.313,0.541,B,2.454376164,2.4,,-0.266802735,0.118264726
Dvir,male,1.458,1.44,0.575,0.53,1.449,0.5525,B,2.535652174,2.716981132,,-0.257667718,0.161068385
Dvir,male,1.373,1.392,0.553,0.565,1.3825,0.559,B,2.482820976,2.463716814,,-0.252588192,0.14066514
Dvir,male,1.218,1.221,0.525,0.53,1.2195,0.5275,B,2.32,2.303773585,,-0.277777536,0.086181805
Dvir,male,1.339,1.372,0.571,0.521,1.3555,0.546,B,2.345008757,2.633397313,,-0.262807357,0.132099522
Dvir,male,1.287,1.281,0.513,0.54,1.284,0.5265,B,2.50877193,2.372222222,,-0.278601624,0.108565024
Dvir,male,1.398,1.385,0.559,0.551,1.3915,0.555,B,2.500894454,2.513611615,,-0.255707017,0.143483211
Dvir,male,1.357,1.363,0.574,0.576,1.36,0.575,B,2.364111498,2.366319444,,-0.240332155,0.133538908
Dvir,male,1.23,1.246,0.514,0.511,1.238,0.5125,B,2.392996109,2.438356164,,-0.29030613,0.092720645
Dvir,male,1.282,1.276,0.519,0.541,1.279,0.53,B,2.470134875,2.358595194,,-0.27572413,0.106870544
Dvir,male,1.416,1.384,0.588,0.588,1.4,0.588,B,2.408163265,2.353741497,,-0.230622674,0.146128036
Dvir,male,1.383,1.342,0.547,0.523,1.3625,0.535,B,2.52833638,2.565965583,,-0.271646218,0.134336511
Dvir,male,1.374,1.376,0.569,0.56,1.375,0.5645,B,2.414762742,2.457142857,,-0.248336054,0.138302698
Dvir,male,1.455,1.458,0.568,0.572,1.4565,0.57,B,2.561619718,2.548951049,,-0.244125144,0.163310489
Dvir,male,1.496,1.445,0.587,0.594,1.4705,0.5905,B,2.548551959,2.432659933,,-0.228780098,0.167465029
Dvir,male,1.295,1.287,0.532,0.543,1.291,0.5375,B,2.434210526,2.370165746,,-0.269621531,0.110926242
Dvir,male,1.205,1.217,0.507,0.521,1.211,0.514,B,2.376725838,2.335892514,,-0.289036881,0.083144143
Dvir,male,1.322,1.324,0.553,0.558,1.323,0.5555,B,2.390596745,2.372759857,,-0.255315937,0.121559844
Dvir,male,1.278,1.289,0.54,0.519,1.2835,0.5295,B,2.366666667,2.483622351,,-0.276134036,0.108395873
Dvir,male,1.303,1.248,0.541,0.525,1.2755,0.533,B,2.408502773,2.377142857,,-0.273272791,0.105680463
Dvir,male,1.453,1.433,0.589,0.574,1.443,0.5815,B,2.466893039,2.496515679,,-0.235450281,0.159266331
Dvir,male,1.308,1.365,0.549,0.556,1.3365,0.5525,B,2.382513661,2.455035971,,-0.257667718,0.125968963
Dvir,male,1.311,1.292,0.544,0.525,1.3015,0.5345,B,2.409926471,2.460952381,,-0.27205229,0.114444172
Dvir,male,1.412,1.431,0.566,0.589,1.4215,0.5775,B,2.494699647,2.429541596,,-0.238448011,0.152746864
Dvir,male,1.426,1.43,0.595,0.588,1.428,0.5915,B,2.396638655,2.431972789,,-0.228045251,0.154728207
Dvir,male,1.321,1.291,0.528,0.56,1.306,0.544,B,2.501893939,2.305357143,,-0.2644011,0.115943177
Dvir,male,1.418,1.41,0.596,0.551,1.414,0.5735,B,2.379194631,2.558983666,,-0.241466578,0.150449409
Dvir,male,1.286,1.258,0.505,0.531,1.272,0.518,B,2.546534653,2.369114878,,-0.28567024,0.104487111
Dvir,male,1.375,1.365,0.56,0.551,1.37,0.5555,B,2.455357143,2.477313975,,-0.255315937,0.136720567
Dvir,male,1.456,1.423,0.579,0.588,1.4395,0.5835,B,2.514680484,2.420068027,,-0.23395914,0.158211669
Dvir,male,1.46,1.446,0.543,0.541,1.453,0.542,B,2.688766114,2.672828096,,-0.266000713,0.162265614
Dvir,male,1.168,1.168,0.471,0.505,1.168,0.488,B,2.479830149,2.312871287,,-0.311580178,0.067442843
Dvir,male,1.368,1.367,0.555,0.569,1.3675,0.562,B,2.464864865,2.402460457,,-0.250263684,0.135927335
Dvir,male,1.272,1.234,0.558,0.546,1.253,0.552,B,2.279569892,2.26007326,,-0.258060922,0.097951071
Dvir,male,1.413,1.425,0.558,0.579,1.419,0.5685,B,2.532258065,2.461139896,,-0.245269531,0.151982395
Dvir,male,1.251,1.251,0.518,0.494,1.251,0.506,B,2.415057915,2.532388664,,-0.295849483,0.09725731
Dvir,male,1.257,1.263,0.526,0.536,1.26,0.531,B,2.38973384,2.356343284,,-0.274905479,0.100370545
Dvir,male,1.206,1.186,0.538,0.528,1.196,0.533,B,2.241635688,2.246212121,,-0.273272791,0.07773118
Dvir,male,1.217,1.277,0.544,0.537,1.247,0.5405,B,2.237132353,2.378026071,,-0.267204302,0.095866453
Dvir,male,1.253,1.279,0.532,0.532,1.266,0.532,B,2.355263158,2.404135338,,-0.274088368,0.102433706
Dvir,male,1.229,1.19,0.508,0.505,1.2095,0.5065,B,2.419291339,2.356435644,,-0.29542055,0.082605873
Dvir,male,1.269,1.232,0.501,0.562,1.2505,0.5315,B,2.532934132,2.192170819,,-0.274496731,0.097083696
Dvir,male,1.314,1.335,0.516,0.506,1.3245,0.511,B,2.546511628,2.638339921,,-0.2915791,0.122051963
Dvir,male,1.371,1.347,0.549,0.548,1.359,0.5485,B,2.49726776,2.458029197,,-0.260823368,0.133219457
Dvir,male,1.433,1.415,0.593,0.53,1.424,0.5615,B,2.416526138,2.669811321,,-0.250650239,0.153509989
Dvir,male,1.354,1.43,0.572,0.581,1.392,0.5765,B,2.367132867,2.461273666,,-0.239200688,0.143639235
Dvir,male,1.418,1.423,0.574,0.536,1.4205,0.555,B,2.470383275,2.654850746,,-0.255707017,0.152441238
Dvir,male,1.195,1.176,0.496,0.493,1.1855,0.4945,B,2.409274194,2.385395538,,-0.305833704,0.073901558
Dvir,male,1.409,1.401,0.559,0.546,1.405,0.5525,B,2.520572451,2.565934066,,-0.257667718,0.147676324
Dvir,male,1.264,1.256,0.528,0.534,1.26,0.531,B,2.393939394,2.352059925,,-0.274905479,0.100370545
Dvir,male,1.458,1.416,0.562,0.557,1.437,0.5595,B,2.59430605,2.542190305,,-0.252199909,0.157456768
Dvir,male,1.215,1.181,0.497,0.512,1.198,0.5045,B,2.444668008,2.306640625,,-0.297138829,0.078456818
Dvir,male,1.43,1.364,0.557,0.578,1.397,0.5675,B,2.567324955,2.359861592,,-0.246034134,0.145196406
Dvir,male,1.406,1.392,0.539,0.555,1.399,0.547,B,2.608534323,2.508108108,,-0.262012674,0.145817714
Dvir,male,1.347,1.369,0.566,0.57,1.358,0.568,B,2.379858657,2.401754386,,-0.245651664,0.13289977
Dvir,male,1.063,1.056,0.468,0.461,1.0595,0.4645,B,2.271367521,2.290672451,,-0.333014282,0.025100961
Dvir,male,1.269,1.293,0.532,0.51,1.281,0.521,B,2.385338346,2.535294118,,-0.283162277,0.10754913
Dvir,male,1.301,1.245,0.521,0.524,1.273,0.5225,B,2.497120921,2.375954198,,-0.281913705,0.104828404
Dvir,male,1.289,1.303,0.513,0.55,1.296,0.5315,B,2.512670565,2.369090909,,-0.274496731,0.112605002
Dvir,male,1.377,1.347,0.522,0.56,1.362,0.541,B,2.637931034,2.405357143,,-0.266802735,0.134177108
Dvir,male,1.127,1.115,0.469,0.463,1.121,0.466,B,2.402985075,2.408207343,,-0.331614083,0.049605613
Dvir,male,1.209,1.2,0.526,0.505,1.2045,0.5155,B,2.298479087,2.376237624,,-0.28777133,0.080806804
Dvir,male,1.31,1.301,0.531,0.539,1.3055,0.535,B,2.467043315,2.413729128,,-0.271646218,0.115776876
Dvir,male,1.032,1.08,0.475,0.461,1.056,0.468,B,2.172631579,2.342733189,,-0.329754147,0.023663918
Dvir,male,1.155,1.153,0.49,0.478,1.154,0.484,B,2.357142857,2.412133891,,-0.315154638,0.062205809
Dvir,male,1.298,1.28,0.544,0.539,1.289,0.5415,B,2.386029412,2.374768089,,-0.266401539,0.110252917
Dvir,male,1.171,1.173,0.516,0.511,1.172,0.5135,B,2.269379845,2.295499022,,-0.289459552,0.068927612
Dvir,male,1.266,1.286,0.521,0.511,1.276,0.516,B,2.429942418,2.516634051,,-0.287350298,0.105850674
Dvir,male,1.308,1.276,0.555,0.537,1.292,0.546,B,2.356756757,2.376163873,,-0.262807357,0.111262514
Dvir,male,1.385,1.404,0.547,0.55,1.3945,0.5485,B,2.531992687,2.552727273,,-0.260823368,0.144418519
Dvir,male,1.206,1.257,0.494,0.511,1.2315,0.5025,B,2.441295547,2.459882583,,-0.298863934,0.090434416
Dvir,male,1.194,1.177,0.483,0.493,1.1855,0.488,B,2.472049689,2.387423935,,-0.311580178,0.073901558
Dvir,male,1.193,1.171,0.469,0.486,1.182,0.4775,B,2.543710021,2.409465021,,-0.321026624,0.072617477
Dvir,male,1.261,1.262,0.505,0.493,1.2615,0.499,B,2.497029703,2.559837728,,-0.301899454,0.100887255
Dvir,male,1.262,1.252,0.502,0.528,1.257,0.515,B,2.513944223,2.371212121,,-0.288192771,0.099335278
Dvir,male,1.052,1.056,0.458,0.468,1.054,0.463,B,2.296943231,2.256410256,,-0.334419009,0.022840611
Dvir,male,1.206,1.212,0.486,0.5,1.209,0.493,B,2.481481481,2.424,,-0.307153081,0.082426301
Dvir,male,1.308,1.302,0.511,0.525,1.305,0.518,B,2.559686888,2.48,,-0.28567024,0.115610512
Dvir,male,1.381,1.388,0.558,0.559,1.3845,0.5585,B,2.474910394,2.483005367,,-0.252976823,0.14129296
Dvir,male,1.193,1.198,0.485,0.49,1.1955,0.4875,B,2.459793814,2.444897959,,-0.31202538,0.07754958
Dvir,male,1.201,1.153,0.487,0.476,1.177,0.4815,B,2.466119097,2.422268908,,-0.317403709,0.070776463
Dvir,male,1.113,1.109,0.468,0.474,1.111,0.471,B,2.378205128,2.339662447,,-0.326979093,0.045714059
Dvir,male,1.279,1.304,0.553,0.549,1.2915,0.551,B,2.31283906,2.375227687,,-0.258848401,0.111094411
Dvir,male,1.394,1.367,0.552,0.552,1.3805,0.552,B,2.525362319,2.476449275,,-0.258060922,0.140036411
Dvir,male,1.251,1.269,0.51,0.525,1.26,0.5175,B,2.452941176,2.417142857,,-0.286089646,0.100370545
Dvir,male,1.252,1.23,0.498,0.498,1.241,0.498,B,2.514056225,2.469879518,,-0.302770657,0.093771781
Dvir,male,1.279,1.314,0.553,0.545,1.2965,0.549,B,2.31283906,2.411009174,,-0.260427656,0.112772521
Dvir,male,1.25,1.26,0.536,0.551,1.255,0.5435,B,2.332089552,2.286751361,,-0.264800452,0.098643726
Dvir,male,1.205,1.201,0.495,0.495,1.203,0.495,B,2.434343434,2.426262626,,-0.305394801,0.080265627
Dvir,male,1.271,1.284,0.515,0.527,1.2775,0.521,B,2.467961165,2.436432638,,-0.283162277,0.106360909
Dvir,male,1.136,1.117,0.488,0.498,1.1265,0.493,B,2.327868852,2.242971888,,-0.307153081,0.051731196
Dvir,male,1.26,1.249,0.526,0.528,1.2545,0.527,B,2.395437262,2.365530303,,-0.278189385,0.098470666
Dvir,male,1.064,1.039,0.441,0.45,1.0515,0.4455,B,2.412698413,2.308888889,,-0.351152292,0.021809277
Dvir,male,1.196,1.181,0.504,0.512,1.1885,0.508,B,2.373015873,2.306640625,,-0.294136288,0.074999186
Dvir,male,1.258,1.24,0.499,0.497,1.249,0.498,B,2.521042084,2.494969819,,-0.302770657,0.096562438
Dvir,male,1.238,1.259,0.5,0.508,1.2485,0.504,B,2.476,2.478346457,,-0.297569464,0.096388547
Dvir,male,1.242,1.257,0.492,0.501,1.2495,0.4965,B,2.524390244,2.508982036,,-0.304080747,0.09673626
Dvir,male,1.317,1.323,0.53,0.531,1.32,0.5305,B,2.48490566,2.491525424,,-0.275314612,0.120573931
Dvir,male,1.258,1.278,0.52,0.521,1.268,0.5205,B,2.419230769,2.452975048,,-0.283579266,0.103119254
Dvir,male,1.193,1.189,0.495,0.494,1.191,0.4945,B,2.41010101,2.406882591,,-0.305833704,0.075911761
Dvir,male,1.357,1.373,0.553,0.562,1.365,0.5575,B,2.453887884,2.443060498,,-0.253755128,0.135132651
Dvir,male,1.062,0.969,0.48,0.471,1.0155,0.4755,B,2.2125,2.057324841,,-0.322849479,0.006679928
Dvir,male,1.179,1.167,0.493,0.491,1.173,0.492,B,2.39148073,2.376782077,,-0.308034897,0.069298012
Dvir,male,1.109,1.08,0.465,0.463,1.0945,0.464,B,2.384946237,2.332613391,,-0.333482019,0.039215766
Dvir,male,1.2,1.2,0.506,0.503,1.2,0.5045,B,2.371541502,2.385685885,,-0.297138829,0.079181246
Dvir,male,1.206,1.204,0.506,0.514,1.205,0.51,B,2.383399209,2.342412451,,-0.292429824,0.080987047
Dvir,male,1.241,1.228,0.514,0.513,1.2345,0.5135,B,2.414396887,2.393762183,,-0.289459552,0.091491094
Dvir,male,1.392,1.373,0.555,0.551,1.3825,0.553,B,2.508108108,2.491833031,,-0.257274869,0.14066514
Dvir,male,1.162,1.164,0.505,0.485,1.163,0.495,B,2.300990099,2.4,,-0.305394801,0.065579715
Dvir,male,1.159,1.194,0.507,0.491,1.1765,0.499,B,2.285996055,2.431771894,,-0.301899454,0.070591932
