line,sex,left_wing,right_wing,left_tibia,right_tibia,wing,tibia
Dmel_WT,male,1.262,1.263,0.3977,0.4206,1.2625,0.40915
Dmel_WT,male,1.279,1.262,0.4261,0.4168,1.2705,0.42145
Dmel_WT,male,1.323,1.323,0.4311,0.4469,1.323,0.439
Dmel_WT,male,1.302,1.291,0.4298,0.3932,1.2965,0.4115
Dmel_WT,male,1.292,1.299,0.4266,0.431,1.2955,0.4288
Dmel_WT,male,1.37,1.394,0.593,0.4595,1.382,0.52625
Dmel_WT,male,1.357,1.351,0.4666,0.4355,1.354,0.45105
Dmel_WT,male,1.375,1.375,0.4406,0.4644,1.375,0.4525
Dmel_WT,male,1.369,1.352,0.4662,0.4609,1.3605,0.46355
Dmel_WT,male,1.38,1.38,0.4378,0.4803,1.38,0.45905
Dmel_WT,male,1.337,1.33,0.4457,0.4412,1.3335,0.44345
Dmel_WT,male,1.375,1.345,0.434,0.4568,1.36,0.4454
Dmel_WT,male,1.33,1.362,0.4339,0.4446,1.346,0.43925
Dmel_WT,male,1.322,1.335,0.423,0.4142,1.3285,0.4186
Dmel_WT,male,1.329,1.336,0.447,0.4669,1.3325,0.45695
Dmel_WT,male,1.185,1.192,0.418,0.409,1.1885,0.4135
Dmel_WT,male,1.258,1.266,0.451,0.43,1.262,0.4405
Dmel_WT,male,1.173,1.191,0.409,0.419,1.182,0.414
Dmel_WT,male,1.123,1.095,0.394,0.402,1.109,0.398
Dmel_WT,male,1.271,1.27,0.427,0.452,1.2705,0.4395
Dmel_WT,male,1.248,1.232,0.432,0.409,1.24,0.4205
Dmel_WT,male,1.273,1.272,0.444,0.439,1.2725,0.4415
Dmel_WT,male,1.235,1.215,0.431,0.435,1.225,0.433
Dmel_WT,male,1.123,1.128,0.379,0.36,1.1255,0.3695
Dmel_WT,male,1.296,1.293,0.456,0.449,1.2945,0.4525
Dmel_WT,male,1.247,1.253,0.433,0.442,1.25,0.4375
Dmel_WT,male,1.263,1.262,0.454,0.44,1.2625,0.447
Dmel_WT,male,1.26,1.264,0.437,0.437,1.262,0.437
Dmel_WT,male,1.283,1.309,0.466,0.454,1.296,0.46
Dmel_WT,male,1.262,1.285,0.458,0.421,1.2735,0.4395
Dmel_WT,male,1.279,1.304,0.444,0.457,1.2915,0.4505
Dmel_WT,male,1.262,1.245,0.44,0.434,1.2535,0.437
Dmel_WT,male,1.251,1.218,0.459,0.429,1.2345,0.444
Dmel_WT,male,1.302,1.276,0.444,0.445,1.289,0.4445
Dmel_WT,male,1.271,1.283,0.445,0.452,1.277,0.4485
Dmel_WT,male,1.279,1.272,0.437,0.454,1.2755,0.4455
Dmel_WT,male,1.249,1.264,0.448,0.451,1.2565,0.4495
Dmel_WT,male,1.226,1.226,0.413,0.4,1.226,0.4065
Dmel_WT,male,1.266,1.221,0.422,0.45,1.2435,0.436
Dmel_WT,male,1.18,1.194,0.397,0.422,1.187,0.4095
Dmel_WT,male,1.259,1.276,0.437,0.447,1.2675,0.442
Dmel_WT,male,1.117,1.111,0.364,0.389,1.114,0.3765
Dmel_WT,male,1.232,1.225,0.425,0.409,1.2285,0.417
Dmel_WT,male,1.282,1.296,0.459,0.43,1.289,0.4445
Dmel_WT,male,1.201,1.137,0.42,0.379,1.169,0.3995
Dmel_WT,male,1.196,1.216,0.414,0.427,1.206,0.4205
Dmel_WT,male,1.143,1.144,0.4,0.408,1.1435,0.404
Dmel_WT,male,1.251,1.253,0.408,0.439,1.252,0.4235
Dmel_WT,male,1.25,1.26,0.436,0.427,1.255,0.4315
Dmel_WT,male,1.279,1.322,0.443,0.461,1.3005,0.452
Dmel_WT,male,1.242,1.264,0.419,0.403,1.253,0.411
Dmel_WT,male,1.282,1.293,0.448,0.447,1.2875,0.4475
Dmel_WT,male,1.134,1.131,0.398,0.4,1.1325,0.399
Dmel_WT,male,1.236,1.221,0.415,0.422,1.2285,0.4185
Dmel_WT,male,1.21,1.2,0.416,0.43,1.205,0.423
Dmel_WT,male,1.294,1.323,0.445,0.462,1.3085,0.4535
Dmel_WT,male,1.22,1.21,0.407,0.431,1.215,0.419
Dmel_WT,male,1.099,1.109,0.386,0.376,1.104,0.381
Dmel_WT,male,1.22,1.246,0.441,0.465,1.233,0.453
Dmel_WT,male,1.217,1.232,0.436,0.447,1.2245,0.4415
Dmel_WT,male,1.233,1.212,0.422,0.424,1.2225,0.423
Dmel_WT,male,1.172,1.17,0.415,0.415,1.171,0.415
Dmel_WT,male,1.203,1.207,0.43,0.426,1.205,0.428
Dmel_WT,male,1.194,1.179,0.429,0.44,1.1865,0.4345
Dmel_WT,male,1.165,1.14,0.402,0.403,1.1525,0.4025
Dmel_WT,male,1.228,1.239,0.415,0.436,1.2335,0.4255
Dmel_WT,male,1.198,1.2,0.425,0.431,1.199,0.428
Dmel_WT,male,1.17,1.161,0.398,0.411,1.1655,0.4045
Dmel_WT,male,1.235,1.23,0.423,0.415,1.2325,0.419
Dmel_WT,male,1.201,1.208,0.416,0.445,1.2045,0.4305
Dmel_WT,male,1.215,1.199,0.416,0.43,1.207,0.423
Dmel_WT,male,1.217,1.211,0.429,0.427,1.214,0.428
Dmel_WT,male,1.189,1.215,0.448,0.401,1.202,0.4245
Dmel_WT,male,1.214,1.205,0.432,0.443,1.2095,0.4375
Dmel_WT,male,1.183,1.19,0.416,0.429,1.1865,0.4225
Dmel_WT,male,1.23,1.212,0.422,0.416,1.221,0.419
Dmel_WT,male,1.174,1.196,0.406,0.422,1.185,0.414
Dmel_WT,male,1.134,1.135,0.397,0.404,1.1345,0.4005
Dmel_WT,male,1.274,1.269,0.455,0.456,1.2715,0.4555
Dmel_WT,male,1.184,1.178,0.417,0.413,1.181,0.415
Dmel_WT,male,1.236,1.242,0.437,0.438,1.239,0.4375
Dmel_WT,male,1.291,1.282,0.464,0.47,1.2865,0.467
Dmel_WT,male,1.252,1.255,0.373,0.458,1.2535,0.4155
Dmel_WT,male,1.217,1.208,0.423,0.444,1.2125,0.4335
Dmel_WT,male,1.246,1.235,0.43,0.423,1.2405,0.4265
Dmel_WT,male,1.256,1.257,0.438,0.458,1.2565,0.448
Dmel_WT,male,1.291,1.281,0.462,0.447,1.286,0.4545
Dmel_WT,male,1.209,1.203,0.403,0.417,1.206,0.41
Dmel_WT,male,1.247,1.251,0.438,0.442,1.249,0.44
Dmel_WT,male,1.171,1.158,0.415,0.402,1.1645,0.4085
Dmel_WT,male,1.274,1.293,0.446,0.441,1.2835,0.4435
Dmel_WT,male,1.261,1.268,0.449,0.449,1.2645,0.449
Dmel_WT,male,1.291,1.286,0.452,0.428,1.2885,0.44
Dmel_WT,male,1.199,1.213,0.437,0.408,1.206,0.4225
Dmel_WT,male,1.243,1.254,0.444,0.431,1.2485,0.4375
Dmel_WT,male,1.268,1.275,0.457,0.443,1.2715,0.45
Dmel_WT,male,1.174,1.173,0.382,0.396,1.1735,0.389
Dmel_WT,male,1.167,1.192,0.424,0.404,1.1795,0.414
Dmel_WT,male,1.238,1.217,0.434,0.449,1.2275,0.4415
Dmel_WT,male,1.258,1.279,0.437,0.467,1.2685,0.452
Dmel_WT,male,1.269,1.275,0.403,0.447,1.272,0.425
Dmel_WT,male,1.263,1.266,0.432,0.462,1.2645,0.447
Dmel_WT,male,1.301,1.29,0.43,0.433,1.2955,0.4315
Dmel_WT,male,1.208,1.214,0.416,0.417,1.211,0.4165
Dmel_WT,male,1.214,1.215,0.438,0.439,1.2145,0.4385
Dmel_WT,male,1.278,1.273,0.412,0.46,1.2755,0.436
Dmel_WT,male,1.09,1.114,0.363,0.391,1.102,0.377
Dmel_WT,male,1.241,1.254,0.455,0.452,1.2475,0.4535
Dmel_WT,male,1.253,1.268,0.413,0.387,1.2605,0.4
Dmel_WT,male,1.276,1.261,0.46,0.447,1.2685,0.4535
Dmel_WT,male,1.242,1.234,0.425,0.454,1.238,0.4395
Dmel_WT,male,1.274,1.242,0.446,0.408,1.258,0.427
Dmel_WT,male,1.274,1.267,0.455,0.449,1.2705,0.452
Dmel_WT,male,1.297,1.289,0.473,0.457,1.293,0.465
Dmel_WT,male,1.255,1.263,0.421,0.421,1.259,0.421
Dmel_WT,male,1.279,1.267,0.465,0.469,1.273,0.467
Dmel_WT,male,1.262,1.262,0.443,0.447,1.262,0.445
Dmel_WT,male,1.239,1.238,0.432,0.423,1.2385,0.4275
Dmel_WT,male,1.138,1.159,0.371,0.417,1.1485,0.394
Dmel_WT,male,1.287,1.282,0.451,0.45,1.2845,0.4505
Dmel_WT,male,1.175,1.168,0.421,0.413,1.1715,0.417
Dmel_WT,male,1.277,1.282,0.456,0.456,1.2795,0.456
Dmel_WT,male,1.299,1.287,0.453,0.483,1.293,0.468
Dmel_WT,male,1.265,1.286,0.454,0.432,1.2755,0.443
Dmel_WT,male,1.224,1.245,0.433,0.437,1.2345,0.435
Dmel_WT,male,1.282,1.29,0.466,0.465,1.286,0.4655
Dmel_WT,male,1.238,1.241,0.447,0.427,1.2395,0.437
Dmel_WT,male,1.262,1.254,0.45,0.444,1.258,0.447
Dmel_WT,male,1.262,1.261,0.401,0.452,1.2615,0.4265
Dmel_WT,male,1.265,1.263,0.456,0.476,1.264,0.466
Dmel_WT,male,1.295,1.29,0.477,0.485,1.2925,0.481
Dmel_WT,male,1.242,1.254,0.458,0.414,1.248,0.436
Dmel_WT,male,1.276,1.289,0.452,0.486,1.2825,0.469
Dmel_WT,male,1.207,1.187,0.431,0.437,1.197,0.434
Dmel_WT,male,1.244,1.248,0.419,0.438,1.246,0.4285
Dmel_WT,male,1.312,1.297,0.456,0.463,1.3045,0.4595
Dmel_WT,male,1.218,1.222,0.454,0.436,1.22,0.445
Dmel_WT,male,1.301,1.283,0.465,0.461,1.292,0.463
Dmel_WT,male,1.262,1.257,0.436,0.436,1.2595,0.436
Dmel_WT,male,1.269,1.304,0.438,0.446,1.2865,0.442
Dmel_WT,male,1.237,1.258,0.446,0.421,1.2475,0.4335
Dmel_WT,male,1.224,1.24,0.43,0.441,1.232,0.4355
Dmel_WT,male,1.231,1.221,0.441,0.45,1.226,0.4455
Dmel_WT,male,1.28,1.287,0.456,0.455,1.2835,0.4555
Dmel_WT,male,1.272,1.25,0.423,0.423,1.261,0.423
Dmel_WT,male,1.197,1.224,0.423,0.418,1.2105,0.4205
Dmel_WT,male,1.236,1.23,0.423,0.432,1.233,0.4275
Dmel_WT,male,1.176,1.173,0.378,0.4,1.1745,0.389
Dmel_WT,male,1.245,1.245,0.436,0.429,1.245,0.4325
Dmel_WT,male,1.193,1.182,0.402,0.42,1.1875,0.411
Dmel_WT,male,1.254,1.26,0.484,0.467,1.257,0.4755
Dmel_WT,male,1.262,1.269,0.426,0.435,1.2655,0.4305
Dmel_WT,male,1.263,1.273,0.426,0.426,1.268,0.426
Dmel_WT,male,1.266,1.273,0.442,0.437,1.2695,0.4395
Dmel_WT,male,1.227,1.215,0.434,0.444,1.221,0.439
Dmel_WT,male,1.18,1.201,0.399,0.399,1.1905,0.399
Dmel_WT,male,1.272,1.268,0.437,0.428,1.27,0.4325
Dmel_WT,male,1.254,1.238,0.43,0.44,1.246,0.435
Dmel_WT,male,1.283,1.267,0.436,0.425,1.275,0.4305
Dmel_WT,male,1.257,1.271,0.431,0.424,1.264,0.4275
Dmel_WT,male,1.224,1.229,0.421,0.44,1.2265,0.4305
Dmel_WT,male,1.199,1.185,0.427,0.424,1.192,0.4255
Dmel_WT,male,1.263,1.267,0.437,0.428,1.265,0.4325
Dmel_WT,male,1.219,1.23,0.37,0.364,1.2245,0.367
Dmel_WT,male,1.146,1.142,0.399,0.393,1.144,0.396
Dmel_WT,male,1.135,1.138,0.386,0.409,1.1365,0.3975
Dmel_WT,male,1.262,1.278,0.392,0.385,1.27,0.3885
Dmel_WT,male,1.29,1.297,0.449,0.446,1.2935,0.4475
Dmel_WT,male,1.267,1.266,0.445,0.439,1.2665,0.442
Dmel_WT,male,1.077,1.084,0.347,0.378,1.0805,0.3625
Dmel_WT,male,1.193,1.215,0.416,0.394,1.204,0.405
Dmel_WT,male,1.221,1.232,0.436,0.393,1.2265,0.4145
Dmel_WT,male,1.196,1.2,0.425,0.446,1.198,0.4355
Dmel_WT,male,1.274,1.271,0.435,0.439,1.2725,0.437
Dmel_WT,male,1.237,1.228,0.38,0.433,1.2325,0.4065
Dmel_WT,male,1.293,1.288,0.428,0.435,1.2905,0.4315
Dmel_WT,male,1.191,1.198,0.434,0.428,1.1945,0.431
Dmel_WT,male,1.293,1.3,0.455,0.441,1.2965,0.448
Dmel_WT,male,1.285,1.281,0.443,0.454,1.283,0.4485
Dmel_WT,male,1.223,1.208,0.43,0.432,1.2155,0.431
Dmel_WT,male,1.196,1.231,0.404,0.44,1.2135,0.422
Dmel_WT,male,1.254,1.233,0.45,0.427,1.2435,0.4385
Dmel_WT,male,1.264,1.267,0.453,0.416,1.2655,0.4345
Dmel_WT,male,1.276,1.272,0.468,0.45,1.274,0.459
Dmel_WT,male,1.226,1.239,0.441,0.438,1.2325,0.4395
Dmel_WT,male,1.248,1.241,0.452,0.422,1.2445,0.437
Dmel_WT,male,1.192,1.201,0.429,0.431,1.1965,0.43
Dmel_WT,male,1.195,1.209,0.419,0.43,1.202,0.4245
Dmel_WT,male,1.211,1.209,0.407,0.417,1.21,0.412
Dmel_WT,male,1.255,1.253,0.446,0.446,1.254,0.446
Dmel_WT,male,1.211,1.214,0.424,0.412,1.2125,0.418
Dmel_WT,male,1.315,1.3,0.459,0.461,1.3075,0.46
Dmel_WT,male,1.242,1.227,0.443,0.426,1.2345,0.4345
Dmel_WT,male,1.259,1.265,0.429,0.366,1.262,0.3975
Dmel_WT,male,1.236,1.222,0.409,0.452,1.229,0.4305
Dmel_WT,male,1.275,1.271,0.446,0.434,1.273,0.44
Dmel_WT,male,1.248,1.258,0.443,0.43,1.253,0.4365
Dmel_WT,male,1.241,1.26,0.424,0.432,1.2505,0.428
Dmel_WT,male,1.282,1.301,0.463,0.434,1.2915,0.4485
Dmel_WT,male,1.213,1.222,0.435,0.443,1.2175,0.439
Dmel_WT,male,1.206,1.22,0.4,0.445,1.213,0.4225
Dmel_WT,male,1.194,1.17,0.335,0.409,1.182,0.372
Dmel_WT,male,1.242,1.274,0.407,0.439,1.258,0.423
Dmel_WT,male,1.205,1.224,0.434,0.381,1.2145,0.4075
Dmel_WT,male,1.218,1.198,0.423,0.416,1.208,0.4195
Dmel_WT,male,1.09,1.062,0.361,0.362,1.076,0.3615
Dmel_WT,male,1.274,1.266,0.432,0.453,1.27,0.4425
Dmel_WT,male,1.269,1.282,0.451,0.396,1.2755,0.4235
Dmel_WT,male,1.191,1.167,0.4,0.398,1.179,0.399
Dmel_WT,male,1.312,1.293,0.442,0.461,1.3025,0.4515
Dmel_WT,male,1.191,1.186,0.405,0.414,1.1885,0.4095
Dmel_WT,male,1.075,1.066,0.367,0.337,1.0705,0.352
Dmel_WT,male,1.124,1.126,0.402,0.358,1.125,0.38
Dmel_WT,male,1.168,1.148,0.374,0.395,1.158,0.3845
Dmel_WT,male,1.218,1.228,0.442,0.443,1.223,0.4425
vgQEmel,male,1.127,1.124,0.405,0.404,1.1255,0.4045
vgQEmel,male,1.162,1.16,0.409,0.416,1.161,0.4125
vgQEmel,male,1.127,1.126,0.416,0.416,1.1265,0.416
vgQEmel,male,1.161,1.15,0.429,0.42,1.1555,0.4245
vgQEmel,male,1.202,1.204,0.432,0.438,1.203,0.435
vgQEmel,male,1.129,1.132,0.391,0.386,1.1305,0.3885
vgQEmel,male,1.112,1.118,0.404,0.397,1.115,0.4005
vgQEmel,male,1.13,1.143,0.401,0.418,1.1365,0.4095
vgQEmel,male,1.13,1.107,0.414,0.427,1.1185,0.4205
vgQEmel,male,1.122,1.107,0.394,0.4,1.1145,0.397
vgQEmel,male,1.201,1.214,0.443,0.433,1.2075,0.438
vgQEmel,male,1.21,1.207,0.446,0.445,1.2085,0.4455
vgQEmel,male,1.121,1.115,0.401,0.383,1.118,0.392
vgQEmel,male,1.205,1.2,0.412,0.418,1.2025,0.415
vgQEmel,male,1.156,1.146,0.412,0.401,1.151,0.4065
vgQEmel,male,1.162,1.149,0.423,0.41,1.1555,0.4165
vgQEmel,male,1.23,1.215,0.452,0.457,1.2225,0.4545
vgQEmel,male,1.16,1.143,0.422,0.421,1.1515,0.4215
vgQEmel,male,1.213,1.225,0.436,0.445,1.219,0.4405
vgQEmel,male,1.113,1.123,0.398,0.416,1.118,0.407
vgQEmel,male,1.107,1.101,0.402,0.393,1.104,0.3975
vgQEmel,male,1.108,1.092,0.408,0.39,1.1,0.399
vgQEmel,male,1.1,1.099,0.408,0.408,1.0995,0.408
vgQEmel,male,1.207,1.208,0.461,0.421,1.2075,0.441
vgQEmel,male,1.095,1.084,0.391,0.42,1.0895,0.4055
vgQEmel,male,1.135,1.129,0.415,0.408,1.132,0.4115
vgQEmel,male,1.111,1.101,0.415,0.409,1.106,0.412
vgQEmel,male,1.08,1.085,0.403,0.408,1.0825,0.4055
vgQEmel,male,1.1,1.099,0.394,0.373,1.0995,0.3835
vgQEmel,male,1.122,1.124,0.388,0.415,1.123,0.4015
vgQEmel,male,1.111,1.108,0.414,0.402,1.1095,0.408
vgQEmel,male,1.136,1.108,0.428,0.398,1.122,0.413
vgQEmel,male,1.066,1.055,0.378,0.359,1.0605,0.3685
vgQEmel,male,1.079,1.078,0.4,0.401,1.0785,0.4005
vgQEmel,male,1.15,1.135,0.407,0.416,1.1425,0.4115
vgQEmel,male,1.085,1.084,0.4,0.375,1.0845,0.3875
vgQEmel,male,1.229,1.232,0.425,0.448,1.2305,0.4365
vgQEmel,male,1.215,1.232,0.46,0.439,1.2235,0.4495
vgQEmel,male,1.129,1.115,0.421,0.396,1.122,0.4085
vgQEmel,male,1.247,1.238,0.461,0.459,1.2425,0.46
vgQEmel,male,1.236,1.247,0.436,0.437,1.2415,0.4365
vgQEmel,male,1.235,1.253,0.438,0.466,1.244,0.452
vgQEmel,male,1.238,1.261,0.463,0.463,1.2495,0.463
vgQEmel,male,1.226,1.234,0.445,0.464,1.23,0.4545
vgQEmel,male,1.189,1.162,0.426,0.414,1.1755,0.42
vgQEmel,male,1.244,1.248,0.467,0.465,1.246,0.466
vgQEmel,male,1.232,1.206,0.475,0.456,1.219,0.4655
vgQEmel,male,1.219,1.24,0.448,0.434,1.2295,0.441
vgQEmel,male,1.234,1.246,0.454,0.476,1.24,0.465
vgQEmel,male,1.236,1.252,0.436,0.436,1.244,0.436
vgQEmel,male,1.236,1.234,0.45,0.473,1.235,0.4615
vgQEmel,male,1.222,1.225,0.458,0.43,1.2235,0.444
vgQEmel,male,1.234,1.233,0.438,0.455,1.2335,0.4465
vgQEmel,male,1.193,1.188,0.42,0.383,1.1905,0.4015
vgQEmel,male,1.128,1.147,0.419,0.393,1.1375,0.406
vgQEmel,male,1.206,1.218,0.414,0.432,1.212,0.423
vgQEmel,male,1.23,1.227,0.444,0.431,1.2285,0.4375
vgQEmel,male,1.234,1.235,0.416,0.432,1.2345,0.424
vgQEmel,male,1.252,1.252,0.44,0.447,1.252,0.4435
vgQEmel,male,1.243,1.246,0.423,0.466,1.2445,0.4445
vgQEmel,male,1.256,1.266,0.43,0.447,1.261,0.4385
vgQEmel,male,1.228,1.21,0.437,0.434,1.219,0.4355
vgQEmel,male,1.194,1.187,0.415,0.434,1.1905,0.4245
vgQEmel,male,1.226,1.247,0.422,0.439,1.2365,0.4305
vgQEmel,male,1.256,1.251,0.458,0.483,1.2535,0.4705
vgQEmel,male,1.227,1.235,0.431,0.422,1.231,0.4265
vgQEmel,male,1.216,1.22,0.433,0.439,1.218,0.436
vgQEmel,male,1.261,1.251,0.467,0.456,1.256,0.4615
vgQEmel,male,1.23,1.218,0.461,0.437,1.224,0.449
vgQEmel,male,1.221,1.238,0.481,0.467,1.2295,0.474
vgQEmel,male,1.235,1.225,0.488,0.43,1.23,0.459
vgQEmel,male,1.229,1.225,0.458,0.46,1.227,0.459
vgQEmel,male,1.232,1.219,0.473,0.449,1.2255,0.461
vgQEmel,male,1.246,1.238,0.463,0.459,1.242,0.461
vgQEmel,male,1.255,1.243,0.452,0.458,1.249,0.455
vgQEmel,male,1.237,1.231,0.45,0.463,1.234,0.4565
vgQEmel,male,1.246,1.236,0.465,0.485,1.241,0.475
vgQEmel,male,1.201,1.21,0.439,0.443,1.2055,0.441
vgQEmel,male,1.235,1.232,0.437,0.432,1.2335,0.4345
vgQEmel,male,1.255,1.248,0.46,0.438,1.2515,0.449
vgQEmel,male,1.205,1.214,0.446,0.442,1.2095,0.444
vgQEmel,male,1.223,1.216,0.462,0.424,1.2195,0.443
vgQEmel,male,1.238,1.251,0.441,0.436,1.2445,0.4385
vgQEmel,male,1.237,1.232,0.478,0.447,1.2345,0.4625
vgQEmel,male,1.261,1.241,0.469,0.441,1.251,0.455
vgQEmel,male,1.246,1.253,0.459,0.473,1.2495,0.466
vgQEmel,male,1.216,1.216,0.448,0.462,1.216,0.455
vgQEmel,male,1.232,1.233,0.422,0.438,1.2325,0.43
vgQEmel,male,1.212,1.223,0.42,0.379,1.2175,0.3995
vgQEmel,male,1.25,1.255,0.477,0.474,1.2525,0.4755
vgQEmel,male,1.169,1.163,0.41,0.388,1.166,0.399
vgQEmel,male,1.234,1.242,0.459,0.447,1.238,0.453
vgQEmel,male,1.245,1.244,0.466,0.496,1.2445,0.481
vgQEmel,male,1.239,1.251,0.475,0.458,1.245,0.4665
vgQEmel,male,1.25,1.253,0.448,0.468,1.2515,0.458
vgQEmel,male,1.245,1.236,0.416,0.462,1.2405,0.439
vgQEmel,male,1.179,1.156,0.418,0.401,1.1675,0.4095
vgQEmel,male,1.277,1.26,0.481,0.441,1.2685,0.461
vgQEmel,male,1.116,1.099,0.398,0.386,1.1075,0.392
vgQEmel,male,1.253,1.256,0.481,0.478,1.2545,0.4795
vgQEmel,male,1.231,1.239,0.447,0.44,1.235,0.4435
vgQEmel,male,1.228,1.232,0.45,0.442,1.23,0.446
vgQEmel,male,1.224,1.209,0.473,0.477,1.2165,0.475
vgQEmel,male,1.212,1.196,0.449,0.464,1.204,0.4565
vgQEmel,male,1.135,1.144,0.422,0.408,1.1395,0.415
vgQEmel,male,1.243,1.238,0.481,0.49,1.2405,0.4855
vgQEmel,male,1.227,1.209,0.457,0.442,1.218,0.4495
vgQEmel,male,1.239,1.247,0.447,0.456,1.243,0.4515
vgQEmel,male,1.223,1.249,0.474,0.47,1.236,0.472
vgQEmel,male,1.235,1.221,0.453,0.438,1.228,0.4455
vgQEmel,male,1.23,1.232,0.436,0.462,1.231,0.449
vgQEmel,male,1.249,1.232,0.461,0.484,1.2405,0.4725
vgQEmel,male,1.185,1.187,0.449,0.43,1.186,0.4395
vgQEmel,male,1.193,1.186,0.438,0.434,1.1895,0.436
vgQEmel,male,1.22,1.219,0.452,0.44,1.2195,0.446
vgQEmel,male,1.231,1.227,0.484,0.465,1.229,0.4745
vgQEmel,male,1.219,1.22,0.458,0.463,1.2195,0.4605
vgQEmel,male,1.217,1.236,0.467,0.442,1.2265,0.4545
vgQEvir,male,1.013,1.03,0.403,0.412,1.0215,0.4075
vgQEvir,male,1.104,1.12,0.432,0.405,1.112,0.4185
vgQEvir,male,1.008,1.006,0.406,0.405,1.007,0.4055
vgQEvir,male,1.216,1.191,0.477,0.471,1.2035,0.474
vgQEvir,male,1.131,1.17,0.443,0.424,1.1505,0.4335
vgQEvir,male,1.099,1.076,0.445,0.445,1.0875,0.445
vgQEvir,male,1.069,1.09,0.433,0.425,1.0795,0.429
vgQEvir,male,1.156,1.172,0.45,0.448,1.164,0.449
vgQEvir,male,1.177,1.173,0.45,0.462,1.175,0.456
vgQEvir,male,1.052,1.048,0.427,0.427,1.05,0.427
vgQEvir,male,1.039,1.037,0.428,0.416,1.038,0.422
vgQEvir,male,1.087,1.069,0.439,0.434,1.078,0.4365
vgQEvir,male,1.036,1.014,0.423,0.418,1.025,0.4205
vgQEvir,male,0.985,0.967,0.372,0.394,0.976,0.383
vgQEvir,male,1.093,1.083,0.425,0.425,1.088,0.425
vgQEvir,male,1.213,1.237,0.463,0.458,1.225,0.4605
vgQEvir,male,1.191,1.135,0.445,0.448,1.163,0.4465
vgQEvir,male,0.988,1.003,0.396,0.396,0.9955,0.396
vgQEvir,male,1.068,1.066,0.409,0.419,1.067,0.414
vgQEvir,male,1.103,1.102,0.461,0.449,1.1025,0.455
vgQEvir,male,1.028,1.031,0.425,0.411,1.0295,0.418
vgQEvir,male,0.99,1.003,0.391,0.383,0.9965,0.387
vgQEvir,male,0.984,0.982,0.418,0.418,0.983,0.418
vgQEvir,male,1.026,1.011,0.414,0.415,1.0185,0.4145
vgQEvir,male,1.102,1.143,0.454,0.454,1.1225,0.454
vgQEvir,male,1.119,1.088,0.446,0.433,1.1035,0.4395
vgQEvir,male,1.013,1.009,0.418,0.421,1.011,0.4195
vgQEvir,male,1.043,1.022,0.398,0.405,1.0325,0.4015
vgQEvir,male,1.081,1.106,0.43,0.444,1.0935,0.437
vgQEvir,male,1.102,1.093,0.453,0.455,1.0975,0.454
vgQEvir,male,1.071,1.073,0.439,0.428,1.072,0.4335
vgQEvir,male,1.049,1.057,0.438,0.427,1.053,0.4325
vgQEvir,male,1.043,1.036,0.423,0.425,1.0395,0.424
vgQEvir,male,1.099,1.099,0.424,0.457,1.099,0.4405
vgQEvir,male,1.101,1.107,0.429,0.432,1.104,0.4305
vgQEvir,male,1.101,1.037,0.446,0.402,1.069,0.424
vgQEvir,male,1.09,1.081,0.453,0.434,1.0855,0.4435
vgQEvir,male,1.075,1.077,0.41,0.425,1.076,0.4175
vgQEvir,male,1.042,1.072,0.422,0.425,1.057,0.4235
vgQEvir,male,1.114,1.102,0.445,0.437,1.108,0.441
vgQEvir,male,1.114,1.132,0.46,0.449,1.123,0.4545
vgQEvir,male,1.06,1.061,0.433,0.43,1.0605,0.4315
vgQEvir,male,1.125,1.105,0.436,0.454,1.115,0.445
vgQEvir,male,1.174,1.181,0.476,0.463,1.1775,0.4695
vgQEvir,male,1.091,1.111,0.441,0.443,1.101,0.442
vgQEvir,male,1.056,1.063,0.438,0.434,1.0595,0.436
vgQEvir,males,1.03,1.02,0.434,0.43,1.025,0.432
vgQEvir,males,1.049,1.042,0.428,0.413,1.0455,0.4205
vgQEvir,males,1.084,1.081,0.404,0.422,1.0825,0.413
vgQEvir,males,1.054,1.036,0.421,0.425,1.045,0.423
vgQEvir,males,1.084,1.081,0.442,0.435,1.0825,0.4385
vgQEvir,males,1.074,1.081,0.443,0.43,1.0775,0.4365
vgQEvir,males,1.062,1.096,0.448,0.397,1.079,0.4225
vgQEvir,males,1.069,1.074,0.434,0.416,1.0715,0.425
vgQEvir,males,1.042,1.061,0.425,0.441,1.0515,0.433
vgQEvir,males,1.038,1.052,0.402,0.418,1.045,0.41
vgQEvir,males,1.075,1.082,0.435,0.427,1.0785,0.431
vgQEvir,males,1.014,0.998,0.397,0.416,1.006,0.4065
vgQEvir,males,1.052,1.034,0.409,0.443,1.043,0.426
Dvir_WT,male,1.375,1.379,0.591,0.5568,1.377,0.5739
Dvir_WT,male,1.4845,1.4032,0.5283,0.5532,1.44385,0.54075
Dvir_WT,male,1.548,1.557,0.5612,0.5783,1.5525,0.56975
Dvir_WT,male,1.4375,1.446,0.525,0.5325,1.44175,0.52875
Dvir_WT,male,1.568,1.581,0.5901,0.6024,1.5745,0.59625
Dvir_WT,male,1.503,1.512,0.5908,0.5934,1.5075,0.5921
Dvir_WT,male,1.46,1.4645,0.5584,0.5545,1.46225,0.55645
Dvir_WT,male,1.5663,1.547,0.614,0.6066,1.55665,0.6103
Dvir_WT,male,1.482,1.482,0.5722,0.5693,1.482,0.57075
Dvir_WT,male,1.562,1.55,0.5837,0.5819,1.556,0.5828
Dvir_WT,male,1.4535,1.447,0.5636,0.5793,1.45025,0.57145
Dvir_WT,male,1.421,1.417,0.5218,0.5458,1.419,0.5338
Dvir_WT,male,1.4245,1.444,0.5367,0.5579,1.43425,0.5473
Dvir_WT,male,1.316,1.335,0.549,0.557,1.3255,0.553
Dvir_WT,male,1.377,1.361,0.556,0.545,1.369,0.5505
Dvir_WT,male,1.376,1.341,0.572,0.567,1.3585,0.5695
Dvir_WT,male,1.201,1.322,0.568,0.578,1.2615,0.573
Dvir_WT,male,1.317,1.307,0.527,0.527,1.312,0.527
Dvir_WT,male,1.212,1.201,0.5,0.496,1.2065,0.498
Dvir_WT,male,1.302,1.31,0.538,0.546,1.306,0.542
Dvir_WT,male,1.304,1.34,0.537,0.549,1.322,0.543
Dvir_WT,male,1.269,1.294,0.507,0.512,1.2815,0.5095
Dvir_WT,male,1.229,1.207,0.496,0.507,1.218,0.5015
Dvir_WT,male,1.307,1.294,0.535,0.522,1.3005,0.5285
Dvir_WT,male,1.253,1.253,0.522,0.513,1.253,0.5175
Dvir_WT,male,1.34,1.357,0.584,0.564,1.3485,0.574
Dvir_WT,male,1.225,1.254,0.547,0.526,1.2395,0.5365
Dvir_WT,male,1.352,1.334,0.572,0.57,1.343,0.571
Dvir_WT,male,1.291,1.332,0.56,0.558,1.3115,0.559
Dvir_WT,male,1.386,1.401,0.557,0.543,1.3935,0.55
Dvir_WT,male,1.217,1.224,0.504,0.494,1.2205,0.499
Dvir_WT,male,1.328,1.338,0.544,0.524,1.333,0.534
Dvir_WT,male,1.358,1.34,0.549,0.563,1.349,0.556
Dvir_WT,male,1.216,1.223,0.506,0.488,1.2195,0.497
Dvir_WT,male,1.284,1.312,0.528,0.523,1.298,0.5255
Dvir_WT,male,1.22,1.239,0.529,0.532,1.2295,0.5305
Dvir_WT,male,1.458,1.442,0.597,0.588,1.45,0.5925
Dvir_WT,male,1.379,1.381,0.56,0.543,1.38,0.5515
Dvir_WT,male,1.386,1.367,0.571,0.569,1.3765,0.57
Dvir_WT,male,1.466,1.458,0.563,0.549,1.462,0.556
Dvir_WT,male,1.441,1.421,0.531,0.571,1.431,0.551
Dvir_WT,male,1.445,1.424,0.555,0.554,1.4345,0.5545
Dvir_WT,male,1.344,1.375,0.561,0.567,1.3595,0.564
Dvir_WT,male,1.392,1.383,0.568,0.565,1.3875,0.5665
Dvir_WT,male,1.274,1.281,0.535,0.517,1.2775,0.526
Dvir_WT,male,1.36,1.35,0.54,0.564,1.355,0.552
Dvir_WT,male,1.199,1.204,0.496,0.487,1.2015,0.4915
Dvir_WT,male,1.105,1.091,0.454,0.457,1.098,0.4555
Dvir_WT,male,1.219,1.181,0.491,0.492,1.2,0.4915
Dvir_WT,male,1.274,1.281,0.5,0.512,1.2775,0.506
Dvir_WT,male,1.355,1.355,0.537,0.527,1.355,0.532
Dvir_WT,male,1.395,1.415,0.578,0.572,1.405,0.575
Dvir_WT,male,1.281,1.3,0.526,0.532,1.2905,0.529
Dvir_WT,male,1.315,1.302,0.532,0.523,1.3085,0.5275
Dvir_WT,male,1.342,1.38,0.554,0.537,1.361,0.5455
Dvir_WT,male,1.323,1.339,0.533,0.53,1.331,0.5315
Dvir_WT,male,1.273,1.294,0.543,0.519,1.2835,0.531
Dvir_WT,male,1.207,1.219,0.51,0.502,1.213,0.506
Dvir_WT,male,1.262,1.206,0.518,0.51,1.234,0.514
Dvir_WT,male,1.33,1.299,0.551,0.523,1.3145,0.537
Dvir_WT,male,1.29,1.276,0.495,0.511,1.283,0.503
Dvir_WT,male,1.25,1.24,0.524,0.534,1.245,0.529
Dvir_WT,male,1.239,1.26,0.512,0.502,1.2495,0.507
Dvir_WT,male,1.108,1.143,0.482,0.486,1.1255,0.484
Dvir_WT,male,1.424,1.381,0.574,0.535,1.4025,0.5545
Dvir_WT,male,1.235,1.241,0.487,0.503,1.238,0.495
Dvir_WT,male,1.307,1.32,0.544,0.554,1.3135,0.549
Dvir_WT,male,1.191,1.186,0.514,0.512,1.1885,0.513
Dvir_WT,male,1.387,1.41,0.566,0.564,1.3985,0.565
Dvir_WT,male,1.318,1.308,0.537,0.545,1.313,0.541
Dvir_WT,male,1.458,1.44,0.575,0.53,1.449,0.5525
Dvir_WT,male,1.373,1.392,0.553,0.565,1.3825,0.559
Dvir_WT,male,1.218,1.221,0.525,0.53,1.2195,0.5275
Dvir_WT,male,1.339,1.372,0.571,0.521,1.3555,0.546
Dvir_WT,male,1.287,1.281,0.513,0.54,1.284,0.5265
Dvir_WT,male,1.398,1.385,0.559,0.551,1.3915,0.555
Dvir_WT,male,1.357,1.363,0.574,0.576,1.36,0.575
Dvir_WT,male,1.23,1.246,0.514,0.511,1.238,0.5125
Dvir_WT,male,1.282,1.276,0.519,0.541,1.279,0.53
Dvir_WT,male,1.416,1.384,0.588,0.588,1.4,0.588
Dvir_WT,male,1.383,1.342,0.547,0.523,1.3625,0.535
Dvir_WT,male,1.374,1.376,0.569,0.56,1.375,0.5645
Dvir_WT,male,1.455,1.458,0.568,0.572,1.4565,0.57
Dvir_WT,male,1.496,1.445,0.587,0.594,1.4705,0.5905
Dvir_WT,male,1.295,1.287,0.532,0.543,1.291,0.5375
Dvir_WT,male,1.205,1.217,0.507,0.521,1.211,0.514
Dvir_WT,male,1.322,1.324,0.553,0.558,1.323,0.5555
Dvir_WT,male,1.278,1.289,0.54,0.519,1.2835,0.5295
Dvir_WT,male,1.303,1.248,0.541,0.525,1.2755,0.533
Dvir_WT,male,1.453,1.433,0.589,0.574,1.443,0.5815
Dvir_WT,male,1.308,1.365,0.549,0.556,1.3365,0.5525
Dvir_WT,male,1.311,1.292,0.544,0.525,1.3015,0.5345
Dvir_WT,male,1.412,1.431,0.566,0.589,1.4215,0.5775
Dvir_WT,male,1.426,1.43,0.595,0.588,1.428,0.5915
Dvir_WT,male,1.321,1.291,0.528,0.56,1.306,0.544
Dvir_WT,male,1.418,1.41,0.596,0.551,1.414,0.5735
Dvir_WT,male,1.286,1.258,0.505,0.531,1.272,0.518
Dvir_WT,male,1.375,1.365,0.56,0.551,1.37,0.5555
Dvir_WT,male,1.456,1.423,0.579,0.588,1.4395,0.5835
Dvir_WT,male,1.46,1.446,0.543,0.541,1.453,0.542
Dvir_WT,male,1.168,1.168,0.471,0.505,1.168,0.488
Dvir_WT,male,1.368,1.367,0.555,0.569,1.3675,0.562
Dvir_WT,male,1.272,1.234,0.558,0.546,1.253,0.552
Dvir_WT,male,1.413,1.425,0.558,0.579,1.419,0.5685
Dvir_WT,male,1.251,1.251,0.518,0.494,1.251,0.506
Dvir_WT,male,1.257,1.263,0.526,0.536,1.26,0.531
Dvir_WT,male,1.206,1.186,0.538,0.528,1.196,0.533
Dvir_WT,male,1.217,1.277,0.544,0.537,1.247,0.5405
Dvir_WT,male,1.253,1.279,0.532,0.532,1.266,0.532
Dvir_WT,male,1.229,1.19,0.508,0.505,1.2095,0.5065
Dvir_WT,male,1.269,1.232,0.501,0.562,1.2505,0.5315
Dvir_WT,male,1.314,1.335,0.516,0.506,1.3245,0.511
Dvir_WT,male,1.371,1.347,0.549,0.548,1.359,0.5485
Dvir_WT,male,1.433,1.415,0.593,0.53,1.424,0.5615
Dvir_WT,male,1.354,1.43,0.572,0.581,1.392,0.5765
Dvir_WT,male,1.418,1.423,0.574,0.536,1.4205,0.555
Dvir_WT,male,1.195,1.176,0.496,0.493,1.1855,0.4945
Dvir_WT,male,1.409,1.401,0.559,0.546,1.405,0.5525
Dvir_WT,male,1.264,1.256,0.528,0.534,1.26,0.531
Dvir_WT,male,1.458,1.416,0.562,0.557,1.437,0.5595
Dvir_WT,male,1.215,1.181,0.497,0.512,1.198,0.5045
Dvir_WT,male,1.43,1.364,0.557,0.578,1.397,0.5675
Dvir_WT,male,1.406,1.392,0.539,0.555,1.399,0.547
Dvir_WT,male,1.347,1.369,0.566,0.57,1.358,0.568
Dvir_WT,male,1.063,1.056,0.468,0.461,1.0595,0.4645
Dvir_WT,male,1.269,1.293,0.532,0.51,1.281,0.521
Dvir_WT,male,1.301,1.245,0.521,0.524,1.273,0.5225
Dvir_WT,male,1.289,1.303,0.513,0.55,1.296,0.5315
Dvir_WT,male,1.377,1.347,0.522,0.56,1.362,0.541
Dvir_WT,male,1.127,1.115,0.469,0.463,1.121,0.466
Dvir_WT,male,1.209,1.2,0.526,0.505,1.2045,0.5155
Dvir_WT,male,1.31,1.301,0.531,0.539,1.3055,0.535
Dvir_WT,male,1.032,1.08,0.475,0.461,1.056,0.468
Dvir_WT,male,1.155,1.153,0.49,0.478,1.154,0.484
Dvir_WT,male,1.298,1.28,0.544,0.539,1.289,0.5415
Dvir_WT,male,1.171,1.173,0.516,0.511,1.172,0.5135
Dvir_WT,male,1.266,1.286,0.521,0.511,1.276,0.516
Dvir_WT,male,1.308,1.276,0.555,0.537,1.292,0.546
Dvir_WT,male,1.385,1.404,0.547,0.55,1.3945,0.5485
Dvir_WT,male,1.206,1.257,0.494,0.511,1.2315,0.5025
Dvir_WT,male,1.194,1.177,0.483,0.493,1.1855,0.488
Dvir_WT,male,1.193,1.171,0.469,0.486,1.182,0.4775
Dvir_WT,male,1.261,1.262,0.505,0.493,1.2615,0.499
Dvir_WT,male,1.262,1.252,0.502,0.528,1.257,0.515
Dvir_WT,male,1.052,1.056,0.458,0.468,1.054,0.463
Dvir_WT,male,1.206,1.212,0.486,0.5,1.209,0.493
Dvir_WT,male,1.308,1.302,0.511,0.525,1.305,0.518
Dvir_WT,male,1.381,1.388,0.558,0.559,1.3845,0.5585
Dvir_WT,male,1.193,1.198,0.485,0.49,1.1955,0.4875
Dvir_WT,male,1.201,1.153,0.487,0.476,1.177,0.4815
Dvir_WT,male,1.113,1.109,0.468,0.474,1.111,0.471
Dvir_WT,male,1.279,1.304,0.553,0.549,1.2915,0.551
Dvir_WT,male,1.394,1.367,0.552,0.552,1.3805,0.552
Dvir_WT,male,1.251,1.269,0.51,0.525,1.26,0.5175
Dvir_WT,male,1.252,1.23,0.498,0.498,1.241,0.498
Dvir_WT,male,1.279,1.314,0.553,0.545,1.2965,0.549
Dvir_WT,male,1.25,1.26,0.536,0.551,1.255,0.5435
Dvir_WT,male,1.205,1.201,0.495,0.495,1.203,0.495
Dvir_WT,male,1.271,1.284,0.515,0.527,1.2775,0.521
Dvir_WT,male,1.136,1.117,0.488,0.498,1.1265,0.493
Dvir_WT,male,1.26,1.249,0.526,0.528,1.2545,0.527
Dvir_WT,male,1.064,1.039,0.441,0.45,1.0515,0.4455
Dvir_WT,male,1.196,1.181,0.504,0.512,1.1885,0.508
Dvir_WT,male,1.258,1.24,0.499,0.497,1.249,0.498
Dvir_WT,male,1.238,1.259,0.5,0.508,1.2485,0.504
Dvir_WT,male,1.242,1.257,0.492,0.501,1.2495,0.4965
Dvir_WT,male,1.317,1.323,0.53,0.531,1.32,0.5305
Dvir_WT,male,1.258,1.278,0.52,0.521,1.268,0.5205
Dvir_WT,male,1.193,1.189,0.495,0.494,1.191,0.4945
Dvir_WT,male,1.357,1.373,0.553,0.562,1.365,0.5575
Dvir_WT,male,1.062,0.969,0.48,0.471,1.0155,0.4755
Dvir_WT,male,1.179,1.167,0.493,0.491,1.173,0.492
Dvir_WT,male,1.109,1.08,0.465,0.463,1.0945,0.464
Dvir_WT,male,1.2,1.2,0.506,0.503,1.2,0.5045
Dvir_WT,male,1.206,1.204,0.506,0.514,1.205,0.51
Dvir_WT,male,1.241,1.228,0.514,0.513,1.2345,0.5135
Dvir_WT,male,1.392,1.373,0.555,0.551,1.3825,0.553
Dvir_WT,male,1.162,1.164,0.505,0.485,1.163,0.495
Dvir_WT,male,1.159,1.194,0.507,0.491,1.1765,0.499
